,,S0CH0,S0CH0,S0CH0,S0CH0,S0CH0,S0CH0,S0CH0,S0CH0,S0CH1,S0CH1,S0CH1,S0CH1,S0CH1,S0CH1,S0CH1,S0CH1,S0CH2,S0CH2,S0CH2,S0CH2,S0CH2,S0CH2,S0CH2,S0CH2,S0CH3,S0CH3,S0CH3,S0CH3,S0CH3,S0CH3,S0CH3,S0CH3,S0,S0,S0,S0,S0,S0,S0,S0,S0,S0,S0,S1CH0,S1CH0,S1CH0,S1CH0,S1CH0,S1CH0,S1CH0,S1CH0,S1CH1,S1CH1,S1CH1,S1CH1,S1CH1,S1CH1,S1CH1,S1CH1,S1CH2,S1CH2,S1CH2,S1CH2,S1CH2,S1CH2,S1CH2,S1CH2,S1CH3,S1CH3,S1CH3,S1CH3,S1CH3,S1CH3,S1CH3,S1CH3,S1,S1,S1,S1,S1,S1,S1,S1,S1,S1,S1,
Date,Time,DRAMClocks,Rank0 CKE Off Residency(%),Rank0 CKE Off Average Cycles,Rank0 Cycles per transition,DRAMClocks,Rank1 CKE Off Residency(%),Rank1 CKE Off Average Cycles,Rank1 Cycles per transition,DRAMClocks,Rank0 CKE Off Residency(%),Rank0 CKE Off Average Cycles,Rank0 Cycles per transition,DRAMClocks,Rank1 CKE Off Residency(%),Rank1 CKE Off Average Cycles,Rank1 Cycles per transition,DRAMClocks,Rank0 CKE Off Residency(%),Rank0 CKE Off Average Cycles,Rank0 Cycles per transition,DRAMClocks,Rank1 CKE Off Residency(%),Rank1 CKE Off Average Cycles,Rank1 Cycles per transition,DRAMClocks,Rank0 CKE Off Residency(%),Rank0 CKE Off Average Cycles,Rank0 Cycles per transition,DRAMClocks,Rank1 CKE Off Residency(%),Rank1 CKE Off Average Cycles,Rank1 Cycles per transition,PCUClocks,Freq band 0 cycles(%),Freq band 1 cycles(%),Freq band 2 cycles(%),Consumed energy units,Consumed Joules,Watts,Thermal headroom below TjMax(°C),Consumed DRAM energy units,Consumed DRAM Joules,DRAM Watts,DRAMClocks,Rank0 CKE Off Residency(%),Rank0 CKE Off Average Cycles,Rank0 Cycles per transition,DRAMClocks,Rank1 CKE Off Residency(%),Rank1 CKE Off Average Cycles,Rank1 Cycles per transition,DRAMClocks,Rank0 CKE Off Residency(%),Rank0 CKE Off Average Cycles,Rank0 Cycles per transition,DRAMClocks,Rank1 CKE Off Residency(%),Rank1 CKE Off Average Cycles,Rank1 Cycles per transition,DRAMClocks,Rank0 CKE Off Residency(%),Rank0 CKE Off Average Cycles,Rank0 Cycles per transition,DRAMClocks,Rank1 CKE Off Residency(%),Rank1 CKE Off Average Cycles,Rank1 Cycles per transition,DRAMClocks,Rank0 CKE Off Residency(%),Rank0 CKE Off Average Cycles,Rank0 Cycles per transition,DRAMClocks,Rank1 CKE Off Residency(%),Rank1 CKE Off Average Cycles,Rank1 Cycles per transition,PCUClocks,Freq band 0 cycles(%),Freq band 1 cycles(%),Freq band 2 cycles(%),Consumed energy units,Consumed Joules,Watts,Thermal headroom below TjMax(°C),Consumed DRAM energy units,Consumed DRAM Joules,DRAM Watts,
2026-04-01,21:22:16.853,667179065,0.01,54920,667179065,667179065,0.01,54680,667179065,667179934,0.01,53466,667179934,667179934,0.01,53395,667179934,667180446,0.01,52712,667180446,667180446,0.01,52672,667180446,667180944,0.01,37117,667180944,667180944,0.01,36924,667180944,800587134,94.38,94.38,0.00,1623763,24.78,24.78,59,479343,7.31,7.31,667111149,0.01,37685,667111149,667111149,0.01,51116,667111149,667111529,0.01,50694,667111529,667111529,0.01,50677,667111529,667111787,0.01,50309,667111787,667111787,0.01,50194,667111787,667111946,0.01,49964,667111946,667111946,0.01,49892,667111946,800607190,99.90,99.90,0.00,1532326,23.38,23.38,56,580676,8.86,8.86,
2026-04-01,21:22:17.853,666650478,0.01,37486,666650478,666650478,0.01,37522,666650478,666651094,0.01,36891,666651094,666651094,0.01,36836,666651094,666651532,0.01,36236,666651532,666651532,0.01,36179,666651532,666651800,0.01,35870,666651800,666651800,0.01,35875,666651800,800026588,94.38,94.38,0.00,1612414,24.60,24.60,58,481672,7.35,7.35,666651313,0.01,50416,666651313,666651313,0.01,36890,666651313,666651660,0.01,36576,666651660,666651660,0.01,36565,666651660,666651934,0.01,36290,666651934,666651934,0.01,36304,666651934,666652034,0.01,36215,666652034,666652034,0.01,36222,666652034,800017859,99.99,99.99,0.00,1528161,23.32,23.32,55,580711,8.86,8.86,
2026-04-01,21:22:18.853,666508806,0.01,37658,666508806,666508806,0.01,37642,666508806,666509583,0.01,36999,666509583,666509583,0.01,37001,666509583,666510133,0.01,36533,666510133,666510133,0.01,36558,666510133,666510485,0.01,36152,666510485,666510485,0.01,36102,666510485,799853473,94.68,94.68,0.00,1612800,24.61,24.61,58,482522,7.36,7.36,666494876,0.01,36649,666494876,666494876,0.01,36662,666494876,666495349,0.01,36047,666495349,666495349,0.01,36000,666495349,666495526,0.01,35724,666495526,666495526,0.01,35643,666495526,666495667,0.01,35402,666495667,666495667,0.01,35339,666495667,799859865,99.97,99.97,0.00,1528246,23.32,23.32,56,585186,8.93,8.93,
2026-04-01,21:22:19.853,666527292,0.01,37074,666527292,666527292,0.01,37098,666527292,666527914,0.01,36330,666527914,666527914,0.01,36320,666527914,666528131,0.01,36118,666528131,666528131,0.01,36078,666528131,666528483,0.01,35845,666528483,666528483,0.01,35865,666528483,799877639,94.72,94.72,0.00,1608473,24.54,24.54,59,481183,7.34,7.34,666529003,0.01,36058,666529003,666529003,0.01,36013,666529003,666529533,0.01,35482,666529533,666529533,0.01,35476,666529533,666529687,0.01,35322,666529687,666529687,0.01,35321,666529687,666529823,0.01,35258,666529823,666529823,0.01,35258,666529823,799856815,99.94,99.94,0.00,1528499,23.32,23.32,56,583176,8.90,8.90,
2026-04-01,21:22:20.853,666504187,0.01,37100,666504187,666504187,0.01,37095,666504187,666504701,0.01,36638,666504701,666504701,0.01,36639,666504701,666505060,0.01,36185,666505060,666505060,0.01,36196,666505060,666505368,0.01,35817,666505368,666505368,0.01,35803,666505368,799852048,94.16,94.16,0.00,1616695,24.67,24.67,59,483812,7.38,7.38,666506473,0.01,36489,666506473,666506473,0.01,36597,666506473,666506932,0.01,36268,666506932,666506932,0.01,36330,666506932,666507299,0.01,36105,666507299,666507299,0.01,36181,666507299,666507679,0.01,35897,666507679,666507679,0.01,35967,666507679,799851431,99.84,99.84,0.00,1533563,23.40,23.40,57,578780,8.83,8.83,
2026-04-01,21:22:21.853,667178379,0.01,37082,667178379,667178379,0.01,37051,667178379,667179090,0.01,36277,667179090,667179090,0.01,36174,667179090,667179412,0.01,35842,667179412,667179412,0.01,35803,667179412,667179715,0.01,35385,667179715,667179715,0.01,35280,667179715,800655560,94.45,94.45,0.00,1612351,24.60,24.58,59,481630,7.35,7.34,667176032,0.01,37121,667176032,667176032,0.01,37050,667176032,667176479,0.01,36645,667176479,667176479,0.01,36646,667176479,667176821,0.01,36249,667176821,667176821,0.01,36240,667176821,667177035,0.01,36131,667177035,667177035,0.01,36133,667177035,800655774,99.98,99.98,0.00,1529865,23.34,23.32,56,585031,8.93,8.92,
2026-04-01,21:22:22.854,667168510,0.01,36387,667168510,667168510,0.01,36331,667168510,667169216,0.01,35550,667169216,667169216,0.01,35613,667169216,667169542,0.01,35203,667169542,667169542,0.01,35198,667169542,667169767,0.01,35003,667169767,667169767,0.01,35053,667169767,800646469,94.50,94.50,0.00,1612443,24.60,24.60,59,480940,7.34,7.34,667168035,0.01,37107,667168035,667168035,0.01,37171,667168035,667168447,0.01,36751,667168447,667168447,0.01,36802,667168447,667168693,0.01,36639,667168693,667168693,0.01,36689,667168693,667168931,0.01,36333,667168931,667168931,0.01,36375,667168931,800647067,99.98,99.98,0.00,1529580,23.34,23.34,55,574069,8.76,8.76,
2026-04-01,21:22:23.854,666493149,0.01,37225,666493149,666493149,0.01,37266,666493149,666493840,0.01,36708,666493840,666493840,0.01,36748,666493840,666494423,0.01,36452,666494423,666494423,0.01,36517,666494423,666494707,0.01,36267,666494707,666494707,0.01,36325,666494707,799837851,94.41,94.41,0.00,1617951,24.69,24.69,59,481692,7.35,7.35,666507989,0.01,37730,666507989,666507989,0.01,37680,666507989,666508680,0.01,37031,666508680,666508680,0.01,36988,666508680,666508861,0.01,36766,666508861,666508861,0.01,36717,666508861,666509119,0.01,36397,666509119,666509119,0.01,36349,666509119,799853474,99.95,99.95,0.00,1533927,23.41,23.41,56,574370,8.76,8.76,
2026-04-01,21:22:24.854,666525614,0.01,37299,666525614,666525614,0.01,37328,666525614,666526353,0.01,36561,666526353,666526353,0.01,36571,666526353,666526757,0.01,35954,666526757,666526757,0.01,35935,666526757,666526947,0.01,35768,666526947,666526947,0.01,35799,666526947,799876194,94.90,94.90,0.00,1608583,24.55,24.55,59,477946,7.29,7.29,666512043,0.01,37044,666512043,666512043,0.01,37029,666512043,666512383,0.01,36559,666512383,666512383,0.01,36538,666512383,666512854,0.01,36034,666512854,666512854,0.01,36033,666512854,666512945,0.01,36008,666512945,666512945,0.01,35991,666512945,799880904,99.97,99.97,0.00,1529755,23.34,23.34,55,571716,8.72,8.72,
2026-04-01,21:22:25.854,666593269,0.01,37207,666593269,666593269,0.01,37204,666593269,666593942,0.01,36509,666593942,666593942,0.01,36506,666593942,666594424,0.01,36160,666594424,666594424,0.01,36214,666594424,666594700,0.01,35927,666594700,666594700,0.01,35843,666594700,799955747,94.38,94.38,0.00,1614323,24.63,24.63,58,481718,7.35,7.35,666593509,0.01,37244,666593509,666593509,0.01,37330,666593509,666594153,0.01,36696,666594153,666594153,0.01,36708,666594153,666594547,0.01,36389,666594547,666594547,0.01,36394,666594547,666594801,0.01,36226,666594801,666594801,0.01,36259,666594801,799956236,99.99,99.99,0.00,1528116,23.32,23.32,55,574699,8.77,8.77,
2026-04-01,21:22:26.854,666515495,0.01,37253,666515495,666515495,0.01,37265,666515495,666516106,0.01,36645,666516106,666516106,0.01,36701,666516106,666516536,0.01,36178,666516536,666516536,0.01,36126,666516536,666516837,0.01,35824,666516837,666516837,0.01,35874,666516837,799863677,94.74,94.74,0.00,1610295,24.57,24.57,59,480059,7.33,7.33,666515405,0.01,37169,666515405,666515405,0.01,37084,666515405,666515771,0.01,36781,666515771,666515771,0.01,36776,666515771,666516077,0.01,36416,666516077,666516077,0.01,36410,666516077,666516257,0.01,36260,666516257,666516257,0.01,36219,666516257,799839613,99.86,99.86,0.00,1530338,23.35,23.35,55,578513,8.83,8.83,
2026-04-01,21:22:27.854,666517961,0.01,37400,666517961,666517961,0.01,37405,666517961,666518738,0.01,36632,666518738,666518738,0.01,36573,666518738,666519184,0.01,36195,666519184,666519184,0.01,36305,666519184,666519422,0.01,36067,666519422,666519422,0.01,36067,666519422,799865896,94.60,94.60,0.00,1611259,24.59,24.59,59,480451,7.33,7.33,666517929,0.01,37225,666517929,666517929,0.01,37239,666517929,666518420,0.01,36719,666518420,666518420,0.01,36720,666518420,666518650,0.01,36592,666518650,666518650,0.01,36589,666518650,666519034,0.01,36092,666519034,666519034,0.01,36134,666519034,799867159,99.95,99.95,0.00,1528482,23.32,23.32,55,570423,8.70,8.70,
2026-04-01,21:22:28.854,667192701,0.01,37230,667192701,667192701,0.01,37176,667192701,667193249,0.01,36529,667193249,667193249,0.01,36424,667193249,667193655,0.01,35831,667193655,667193655,0.01,35732,667193655,667193877,0.01,35468,667193877,667193877,0.01,35385,667193877,800674045,94.66,94.66,0.00,1608859,24.55,24.55,59,481750,7.35,7.35,667191092,0.01,36835,667191092,667191092,0.01,36845,667191092,667191460,0.01,36435,667191460,667191460,0.01,36434,667191460,667191660,0.01,36214,667191660,667191660,0.01,36221,667191660,667191830,0.01,35991,667191830,667191830,0.01,35979,667191830,800675079,99.98,99.98,0.00,1529605,23.34,23.34,55,571233,8.72,8.72,
2026-04-01,21:22:29.854,666511388,0.01,36391,666511388,666511388,0.01,36375,666511388,666511998,0.01,35787,666511998,666511998,0.01,35838,666511998,666512286,0.01,35678,666512286,666512286,0.01,35625,666512286,666512519,0.01,35354,666512519,666512519,0.01,35421,666512519,799857882,94.48,94.48,0.00,1615189,24.65,24.65,60,482226,7.36,7.36,666511757,0.01,37113,666511757,666511757,0.01,37101,666511757,666512270,0.01,36654,666512270,666512270,0.01,36660,666512270,666512483,0.01,36337,666512483,666512483,0.01,36318,666512483,666512783,0.01,36095,666512783,666512783,0.01,36090,666512783,799857523,99.98,99.98,0.00,1528206,23.32,23.32,55,575953,8.79,8.79,
2026-04-01,21:22:30.854,666493859,0.01,36281,666493859,666493859,0.01,36336,666493859,666494591,0.01,35699,666494591,666494591,0.01,35706,666494591,666494797,0.01,35565,666494797,666494797,0.01,35615,666494797,666495029,0.01,35479,666495029,666495029,0.01,35437,666495029,799835843,94.82,94.82,0.00,1606633,24.52,24.52,58,482402,7.36,7.36,666504812,0.01,36801,666504812,666504812,0.01,36755,666504812,666505140,0.01,36288,666505140,666505140,0.01,36227,666505140,666505305,0.01,35965,666505305,666505305,0.01,35925,666505305,666505556,0.01,35584,666505556,666505556,0.01,35515,666505556,799849141,99.97,99.97,0.00,1528231,23.32,23.32,54,571196,8.72,8.72,
2026-04-01,21:22:31.854,666499791,0.01,37181,666499791,666499791,0.01,37192,666499791,666500500,0.01,36493,666500500,666500500,0.01,36546,666500500,666500935,0.01,36117,666500935,666500935,0.01,36168,666500935,666501375,0.01,35772,666501375,666501375,0.01,35779,666501375,799845964,94.46,94.46,0.00,1610324,24.57,24.57,59,489165,7.46,7.46,666489581,0.01,36214,666489581,666489581,0.01,36262,666489581,666490066,0.01,35844,666490066,666490066,0.01,35909,666490066,666490373,0.01,35677,666490373,666490373,0.01,35721,666490373,666490507,0.01,35744,666490507,666490507,0.01,35793,666490507,799850775,99.81,99.81,0.00,1530873,23.36,23.36,54,565480,8.63,8.63,
2026-04-01,21:22:32.854,666508921,0.01,37391,666508921,666508921,0.01,37397,666508921,666509586,0.01,36705,666509586,666509586,0.01,36692,666509586,666509817,0.01,36365,666509817,666509817,0.01,36306,666509817,666510152,0.01,35970,666510152,666510152,0.01,36011,666510152,799854183,94.81,94.81,0.00,1610197,24.57,24.57,59,484572,7.39,7.39,666508680,0.01,36717,666508680,666508680,0.01,36703,666508680,666509065,0.01,36307,666509065,666509065,0.01,36289,666509065,666509338,0.01,36031,666509338,666509338,0.01,36034,666509338,666509462,0.01,35920,666509462,666509462,0.01,35931,666509462,799836480,99.98,99.98,0.00,1530795,23.36,23.36,55,562078,8.58,8.58,
2026-04-01,21:22:33.855,667184894,0.01,37162,667184894,667184894,0.01,37153,667184894,667185511,0.01,36555,667185511,667185511,0.01,36513,667185511,667185810,0.01,36204,667185810,667185810,0.01,36202,667185810,667186282,0.01,35667,667186282,667186282,0.01,35632,667186282,800666227,94.49,94.49,0.00,1610532,24.57,24.55,58,488619,7.46,7.45,667184295,0.01,36783,667184295,667184295,0.01,36780,667184295,667184725,0.01,36362,667184725,667184725,0.01,36372,667184725,667184896,0.01,36219,667184896,667184896,0.01,36230,667184896,667185139,0.01,35923,667185139,667185139,0.01,35924,667185139,800665221,99.98,99.98,0.00,1531904,23.38,23.35,56,562619,8.58,8.58,
2026-04-01,21:22:34.855,667185346,0.01,37747,667185346,667185346,0.01,37729,667185346,667186131,0.01,36920,667186131,667186131,0.01,36956,667186131,667186649,0.01,36605,667186649,667186649,0.01,36619,667186649,667187110,0.01,36255,667187110,667187110,0.01,36337,667187110,800669692,94.35,94.35,0.00,1617356,24.68,24.68,59,486478,7.42,7.42,667189007,0.01,36746,667189007,667189007,0.01,36749,667189007,667189428,0.01,36530,667189428,667189428,0.01,36530,667189428,667189584,0.01,36373,667189584,667189584,0.01,36360,667189584,667189860,0.01,36182,667189860,667189860,0.01,36182,667189860,800668973,99.98,99.98,0.00,1529719,23.34,23.34,54,562038,8.58,8.58,
2026-04-01,21:22:35.855,666503966,0.01,36987,666503966,666503966,0.01,37052,666503966,666504594,0.01,36425,666504594,666504594,0.01,36430,666504594,666504848,0.01,35998,666504848,666504848,0.01,35978,666504848,666504996,0.01,35737,666504996,666504996,0.01,35649,666504996,799847119,94.86,94.86,0.00,1604253,24.48,24.48,59,481881,7.35,7.35,666501682,0.01,36681,666501682,666501682,0.01,36642,666501682,666502020,0.01,35996,666502020,666502020,0.01,35936,666502020,666502110,0.01,35739,666502110,666502110,0.01,35684,666502110,666502168,0.01,35322,666502168,666502168,0.01,35264,666502168,799846688,99.96,99.96,0.00,1528244,23.32,23.32,55,560271,8.55,8.55,
2026-04-01,21:22:36.855,666499507,0.01,36923,666499507,666499507,0.01,36881,666499507,666500134,0.01,36290,666500134,666500134,0.01,36247,666500134,666500401,0.01,36037,666500401,666500401,0.01,36048,666500401,666500711,0.01,35793,666500711,666500711,0.01,35789,666500711,799846140,94.59,94.59,0.00,1617159,24.68,24.68,59,486517,7.42,7.42,666515746,0.01,36273,666515746,666515746,0.01,36326,666515746,666516204,0.01,36022,666516204,666516204,0.01,36086,666516204,666516384,0.01,36007,666516384,666516384,0.01,36064,666516384,666516614,0.01,35962,666516614,666516614,0.01,36034,666516614,799862736,99.99,99.99,0.00,1530985,23.36,23.36,54,561357,8.57,8.57,
2026-04-01,21:22:37.855,666518634,0.01,36537,666518634,666518634,0.01,36539,666518634,666519188,0.01,35954,666519188,666519188,0.01,35950,666519188,666519310,0.01,35776,666519310,666519310,0.01,35773,666519310,666519482,0.01,35546,666519482,666519482,0.01,35555,666519482,799864076,94.63,94.63,0.00,1610688,24.58,24.58,59,479934,7.32,7.32,666502855,0.01,36433,666502855,666502855,0.01,36378,666502855,666503073,0.01,36023,666503073,666503073,0.01,35972,666503073,666503241,0.01,35705,666503241,666503241,0.01,35649,666503241,666503306,0.01,35568,666503306,666503306,0.01,35516,666503306,799861831,99.85,99.85,0.00,1530164,23.35,23.35,56,562679,8.59,8.59,
2026-04-01,21:22:38.855,666546520,0.01,36837,666546520,666546520,0.01,36824,666546520,666547018,0.01,36365,666547018,666547018,0.01,36389,666547018,666547314,0.01,36151,666547314,666547314,0.01,36150,666547314,666547594,0.01,35877,666547594,666547594,0.01,35970,666547594,799899974,94.54,94.54,0.00,1612345,24.60,24.60,58,482985,7.37,7.37,666547918,0.01,36019,666547918,666547918,0.01,36046,666547918,666548303,0.01,35749,666548303,666548303,0.01,35800,666548303,666548445,0.01,35752,666548445,666548445,0.01,35816,666548445,666548568,0.01,35673,666548568,666548568,0.01,35720,666548568,799886447,99.99,99.99,0.00,1528008,23.32,23.32,54,567026,8.65,8.65,
2026-04-01,21:22:39.856,667173868,0.01,38329,667173868,667173868,0.01,38449,667173868,667175036,0.01,37338,667175036,667175036,0.01,37365,667175036,667175582,0.01,36865,667175582,667175582,0.01,36871,667175582,667176050,0.01,36470,667176050,667176050,0.01,36464,667176050,800657464,94.22,94.22,0.00,1621928,24.75,24.72,59,480929,7.34,7.33,667178771,0.01,37003,667178771,667178771,0.01,37031,667178771,667179142,0.01,36937,667179142,667179142,0.01,36937,667179142,667179587,0.01,36559,667179587,667179587,0.01,36558,667179587,667179968,0.01,36343,667179968,667179968,0.01,36348,667179968,800657776,99.95,99.95,0.00,1529994,23.35,23.32,55,566936,8.65,8.64,
2026-04-01,21:22:40.856,667177881,0.01,37611,667177881,667177881,0.01,37490,667177881,667178394,0.01,36887,667178394,667178394,0.01,36898,667178394,667178707,0.01,36554,667178707,667178707,0.01,36566,667178707,667179071,0.01,36116,667179071,667179071,0.01,36066,667179071,800656854,94.74,94.74,0.00,1601792,24.44,24.44,60,481931,7.35,7.35,667176442,0.01,36954,667176442,667176442,0.01,36940,667176442,667176682,0.01,36425,667176682,667176682,0.01,36414,667176682,667176817,0.01,36220,667176817,667176817,0.01,36223,667176817,667177007,0.01,35876,667177007,667177007,0.01,35877,667177007,800655231,99.98,99.98,0.00,1529551,23.34,23.34,55,558872,8.53,8.53,
2026-04-01,21:22:41.856,666487754,0.01,37655,666487754,666487754,0.01,37676,666487754,666488730,0.01,36750,666488730,666488730,0.01,36741,666488730,666489120,0.01,36341,666489120,666489120,0.01,36320,666489120,666489474,0.01,36039,666489474,666489474,0.01,36047,666489474,799830461,94.43,94.43,0.00,1611785,24.59,24.59,59,488113,7.45,7.45,666488697,0.01,36975,666488697,666488697,0.01,36975,666488697,666489141,0.01,36521,666489141,666489141,0.01,36527,666489141,666489572,0.01,36084,666489572,666489572,0.01,36085,666489572,666489776,0.01,35955,666489776,666489776,0.01,35952,666489776,799832391,99.90,99.90,0.00,1532286,23.38,23.38,55,566214,8.64,8.64,
2026-04-01,21:22:42.856,666499481,0.01,37561,666499481,666499481,0.01,37541,666499481,666500418,0.01,36562,666500418,666500418,0.01,36547,666500418,666500713,0.01,36210,666500713,666500713,0.01,36212,666500713,666501111,0.01,35759,666501111,666501111,0.01,35702,666501111,799860021,94.72,94.72,0.00,1608086,24.54,24.54,59,483372,7.38,7.38,666513665,0.01,36949,666513665,666513665,0.01,36902,666513665,666514117,0.01,36487,666514117,666514117,0.01,36435,666514117,666514392,0.01,36081,666514392,666514392,0.01,36006,666514392,666514618,0.01,35905,666514618,666514618,0.01,35841,666514618,799861527,99.79,99.79,0.00,1531772,23.37,23.37,56,563428,8.60,8.60,
2026-04-01,21:22:43.856,666526401,0.01,37575,666526401,666526401,0.01,37652,666526401,666527073,0.01,37021,666527073,666527073,0.01,37147,666527073,666527721,0.01,36742,666527721,666527721,0.01,37044,666527721,666528303,0.01,36480,666528303,666528303,0.01,36564,666528303,799862659,94.09,94.09,0.00,1619748,24.72,24.72,58,486521,7.42,7.42,666514920,0.01,36698,666514920,666514920,0.01,36759,666514920,666515499,0.01,36137,666515499,666515499,0.01,36184,666515499,666515727,0.01,36047,666515727,666515727,0.01,36121,666515727,666516002,0.01,35809,666516002,666516002,0.01,35856,666516002,799862989,99.95,99.95,0.00,1528333,23.32,23.32,55,564813,8.62,8.62,
2026-04-01,21:22:44.857,667163640,0.01,37766,667163640,667163640,0.01,37683,667163640,667164304,0.01,36987,667164304,667164304,0.01,36834,667164304,667164496,0.01,36438,667164496,667164496,0.01,36144,667164496,667164831,0.01,35817,667164831,667164831,0.01,35734,667164831,800638941,94.66,94.66,0.00,1608519,24.54,24.52,58,492217,7.51,7.50,667163330,0.01,36920,667163330,667163330,0.01,36920,667163330,667163704,0.01,36574,667163704,667163704,0.01,36598,667163704,667163903,0.01,36388,667163903,667163903,0.01,36390,667163903,667164089,0.01,36057,667164089,667164089,0.01,36076,667164089,800638890,99.97,99.97,0.00,1528131,23.32,23.29,56,563471,8.60,8.59,
2026-04-01,21:22:45.858,667163355,0.01,37095,667163355,667163355,0.01,37091,667163355,667164012,0.01,36404,667164012,667164012,0.01,36445,667164012,667164297,0.01,36100,667164297,667164297,0.01,36088,667164297,667164651,0.01,35695,667164651,667164651,0.01,35748,667164651,800641023,94.92,94.92,0.00,1607374,24.53,24.53,58,488039,7.45,7.45,667162108,0.01,36775,667162108,667162108,0.01,36760,667162108,667162561,0.01,36280,667162561,667162561,0.01,36257,667162561,667162855,0.01,35972,667162855,667162855,0.01,35971,667162855,667162976,0.01,35907,667162976,667162976,0.01,35882,667162976,800638251,99.98,99.98,0.00,1529857,23.34,23.34,54,558913,8.53,8.53,
2026-04-01,21:22:46.857,666503933,0.01,36707,666503933,666503933,0.01,36706,666503933,666504596,0.01,36123,666504596,666504596,0.01,36089,666504596,666504828,0.01,35858,666504828,666504828,0.01,35938,666504828,666505051,0.01,35774,666505051,666505051,0.01,35716,666505051,799847120,94.64,94.64,0.00,1607046,24.52,24.52,59,487097,7.43,7.43,666503724,0.01,36432,666503724,666503724,0.01,36376,666503724,666504046,0.01,35967,666504046,666504046,0.01,35919,666504046,666504175,0.01,35696,666504175,666504175,0.01,35642,666504175,666504233,0.01,35439,666504233,666504233,0.01,35420,666504233,799847728,99.99,99.99,0.00,1528001,23.32,23.32,54,564486,8.61,8.61,
2026-04-01,21:22:47.857,666524502,0.01,36904,666524502,666524502,0.01,36868,666524502,666525030,0.01,36243,666525030,666525030,0.01,36212,666525030,666525295,0.01,35857,666525295,666525295,0.01,35726,666525295,666525502,0.01,35404,666525502,666525502,0.01,35419,666525502,799874254,94.39,94.39,0.00,1618621,24.70,24.70,59,488023,7.45,7.45,666524988,0.01,36106,666524988,666524988,0.01,36179,666524988,666525372,0.01,35906,666525372,666525372,0.01,35964,666525372,666525701,0.01,35726,666525701,666525701,0.01,35774,666525701,666525828,0.01,35895,666525828,666525828,0.01,35949,666525828,799872340,99.95,99.95,0.00,1528448,23.32,23.32,55,566908,8.65,8.65,
2026-04-01,21:22:48.857,666543314,0.01,36685,666543314,666543314,0.01,36697,666543314,666544065,0.01,35929,666544065,666544065,0.01,35942,666544065,666544538,0.01,35479,666544538,666544538,0.01,35489,666544538,666544873,0.01,35207,666544873,666544873,0.01,35216,666544873,799911133,94.69,94.69,0.00,1612312,24.60,24.60,59,488936,7.46,7.46,666556786,0.01,37334,666556786,666556786,0.01,37366,666556786,666557272,0.01,37034,666557272,666557272,0.01,37090,666557272,666557717,0.01,36767,666557717,666557717,0.01,36831,666557717,666557858,0.01,36686,666557858,666557858,0.01,36732,666557858,799916735,99.84,99.84,0.00,1530515,23.35,23.35,55,576427,8.80,8.80,
2026-04-01,21:22:49.857,666502175,0.01,36276,666502175,666502175,0.01,36297,666502175,666502813,0.01,35700,666502813,666502813,0.01,35713,666502813,666502916,0.01,35761,666502916,666502916,0.01,35812,666502916,666503117,0.01,35615,666503117,666503117,0.01,35635,666503117,799831696,94.65,94.65,0.00,1609821,24.56,24.56,59,490591,7.49,7.49,666487889,0.01,37341,666487889,666487889,0.01,37292,666487889,666488187,0.01,36832,666488187,666488187,0.01,36773,666488187,666488395,0.01,36440,666488395,666488395,0.01,36379,666488395,666488468,0.01,36213,666488468,666488468,0.01,36151,666488468,799829091,99.98,99.98,0.00,1527967,23.31,23.31,55,575105,8.78,8.78,
2026-04-01,21:22:50.858,667197332,0.01,37201,667197332,667197332,0.01,37231,667197332,667197985,0.01,36769,667197985,667197985,0.01,36861,667197985,667198388,0.01,36473,667198388,667198388,0.01,36476,667198388,667198617,0.01,36248,667198617,667198617,0.01,36220,667198617,800682992,94.47,94.47,0.00,1613684,24.62,24.60,59,495492,7.56,7.55,667200451,0.01,36930,667200451,667200451,0.01,36944,667200451,667200808,0.01,36584,667200808,667200808,0.01,36586,667200808,667201218,0.01,36177,667201218,667201218,0.01,36180,667201218,667201430,0.01,35979,667201430,667201430,0.01,35979,667201430,800683775,99.98,99.98,0.00,1529702,23.34,23.32,54,567090,8.65,8.64,
2026-04-01,21:22:51.859,667176081,0.01,36945,667176081,667176081,0.01,36936,667176081,667176708,0.01,36126,667176708,667176708,0.01,36023,667176708,667176974,0.01,35677,667176974,667176974,0.01,35665,667176974,667177073,0.01,35572,667177073,667177073,0.01,35611,667177073,800654291,94.53,94.53,0.00,1615068,24.64,24.64,58,491507,7.50,7.50,667173244,0.01,36690,667173244,667173244,0.01,36691,667173244,667173708,0.01,36241,667173708,667173708,0.01,36232,667173708,667173845,0.01,36088,667173845,667173845,0.01,36076,667173845,667173958,0.01,35956,667173958,667173958,0.01,35962,667173958,800650180,99.95,99.95,0.00,1529952,23.35,23.35,54,567202,8.65,8.65,
2026-04-01,21:22:52.858,666513174,0.01,37328,666513174,666513174,0.01,37301,666513174,666513933,0.01,36535,666513933,666513933,0.01,36589,666513933,666514333,0.01,36187,666514333,666514333,0.01,36204,666514333,666514672,0.01,35877,666514672,666514672,0.01,35883,666514672,799861193,94.51,94.51,0.00,1613167,24.61,24.61,58,489508,7.47,7.47,666516114,0.01,36649,666516114,666516114,0.01,36638,666516114,666516500,0.01,36232,666516500,666516500,0.01,36256,666516500,666516676,0.01,36068,666516676,666516676,0.01,36067,666516676,666516857,0.01,35819,666516857,666516857,0.01,35819,666516857,799864776,99.98,99.98,0.00,1528157,23.32,23.32,56,574545,8.77,8.77,
2026-04-01,21:22:53.858,666511298,0.01,37143,666511298,666511298,0.01,37161,666511298,666511942,0.01,36530,666511942,666511942,0.01,36529,666511942,666512469,0.01,36001,666512469,666512469,0.01,35976,666512469,666512732,0.01,35762,666512732,666512732,0.01,35803,666512732,799858371,94.64,94.64,0.00,1609419,24.56,24.56,59,483817,7.38,7.38,666510587,0.01,36819,666510587,666510587,0.01,36801,666510587,666511058,0.01,36306,666511058,666511058,0.01,36290,666511058,666511304,0.01,36094,666511304,666511304,0.01,36102,666511304,666511472,0.01,35919,666511472,666511472,0.01,35961,666511472,799856053,99.85,99.85,0.00,1530323,23.35,23.35,55,575664,8.78,8.78,
2026-04-01,21:22:54.858,666491604,0.01,36703,666491604,666491604,0.01,36717,666491604,666492304,0.01,36005,666492304,666492304,0.01,35949,666492304,666492503,0.01,35755,666492503,666492503,0.01,35822,666492503,666492689,0.01,35577,666492689,666492689,0.01,35474,666492689,799849371,94.91,94.91,0.00,1602370,24.45,24.45,59,485670,7.41,7.41,666506772,0.01,36487,666506772,666506772,0.01,36487,666506772,666507042,0.01,36247,666507042,666507042,0.01,36248,666507042,666507165,0.01,36091,666507165,666507165,0.01,36097,666507165,666507336,0.01,36015,666507336,666507336,0.01,35989,666507336,799852948,99.98,99.98,0.00,1528182,23.32,23.32,55,577905,8.82,8.82,
2026-04-01,21:22:55.858,666502719,0.01,37078,666502719,666502719,0.01,37118,666502719,666503327,0.01,36690,666503327,666503327,0.01,36695,666503327,666503700,0.01,36313,666503700,666503700,0.01,36259,666503700,666503999,0.01,35970,666503999,666503999,0.01,35984,666503999,799832542,94.57,94.57,0.00,1614033,24.63,24.63,60,499116,7.62,7.62,666487886,0.01,36717,666487886,666487886,0.01,36746,666487886,666488330,0.01,36288,666488330,666488330,0.01,36288,666488330,666488485,0.01,36119,666488485,666488485,0.01,36109,666488485,666488613,0.01,35959,666488613,666488613,0.01,35941,666488613,799832382,99.95,99.95,0.00,1528344,23.32,23.32,55,577638,8.81,8.81,
2026-04-01,21:22:56.859,667155568,0.01,36655,667155568,667155568,0.01,36611,667155568,667156068,0.01,35988,667156068,667156068,0.01,35986,667156068,667156358,0.01,35708,667156358,667156358,0.01,35704,667156358,667156531,0.01,35532,667156531,667156531,0.01,35593,667156531,800628230,94.79,94.79,0.00,1608843,24.55,24.55,59,486211,7.42,7.42,667153207,0.01,36475,667153207,667153207,0.01,36432,667153207,667153575,0.01,36022,667153575,667153575,0.01,35970,667153575,667153659,0.01,35808,667153659,667153659,0.01,35748,667153659,667153726,0.01,35529,667153726,667153726,0.01,35472,667153726,800623865,99.99,99.99,0.00,1529507,23.34,23.34,55,584590,8.92,8.92,
2026-04-01,21:22:57.859,666499467,0.01,37078,666499467,666499467,0.01,37113,666499467,666500075,0.01,36480,666500075,666500075,0.01,36554,666500075,666500387,0.01,36282,666500387,666500387,0.01,36303,666500387,666500665,0.01,35989,666500665,666500665,0.01,35929,666500665,799844746,94.77,94.77,0.00,1608330,24.54,24.54,58,482524,7.36,7.36,666501997,0.01,35781,666501997,666501997,0.01,35767,666501997,666502257,0.01,35478,666502257,666502257,0.01,35487,666502257,666502400,0.01,35336,666502400,666502400,0.01,35362,666502400,666502571,0.01,35179,666502571,666502571,0.01,35179,666502571,799845979,99.98,99.98,0.00,1528260,23.32,23.32,55,577948,8.82,8.82,
2026-04-01,21:22:58.858,666507785,0.01,36865,666507785,666507785,0.01,36834,666507785,666508349,0.01,36237,666508349,666508349,0.01,36224,666508349,666508522,0.01,36012,666508522,666508522,0.01,35992,666508522,666508705,0.01,35877,666508705,666508705,0.01,35972,666508705,799854034,94.52,94.52,0.00,1609307,24.56,24.56,59,489541,7.47,7.47,666508239,0.01,35891,666508239,666508239,0.01,35926,666508239,666508624,0.01,35591,666508624,666508624,0.01,35634,666508624,666508741,0.01,35617,666508741,666508741,0.01,35660,666508741,666508894,0.01,35705,666508894,666508894,0.01,35739,666508894,799851141,99.99,99.99,0.00,1528134,23.32,23.32,55,577772,8.82,8.82,
2026-04-01,21:22:59.858,666501556,0.01,37075,666501556,666501556,0.01,37079,666501556,666502158,0.01,36543,666502158,666502158,0.01,36541,666502158,666502530,0.01,36213,666502530,666502530,0.01,36217,666502530,666502958,0.01,35770,666502958,666502958,0.01,35726,666502958,799848210,94.62,94.62,0.00,1609710,24.56,24.56,60,489129,7.46,7.46,666504850,0.01,36517,666504850,666504850,0.01,36553,666504850,666505262,0.01,36177,666505262,666505262,0.01,36176,666505262,666505412,0.01,36056,666505412,666505412,0.01,36069,666505412,666505513,0.01,35854,666505513,666505513,0.01,35863,666505513,799851939,99.81,99.81,0.00,1530748,23.36,23.36,55,563156,8.59,8.59,
2026-04-01,21:23:00.858,666494009,0.01,36729,666494009,666494009,0.01,36739,666494009,666494662,0.01,36045,666494662,666494662,0.01,35986,666494662,666494755,0.01,35831,666494755,666494755,0.01,35833,666494755,666495000,0.01,35574,666495000,666495000,0.01,35521,666495000,799833839,94.41,94.41,0.00,1613487,24.62,24.62,58,481773,7.35,7.35,666498853,0.01,41736,666498853,666498853,0.01,41709,666498853,666504185,0.01,36373,666504185,666504185,0.01,36371,666504185,666504300,0.01,36239,666504300,666504300,0.01,36216,666504300,666504481,0.01,36130,666504481,666504481,0.01,36131,666504481,799848776,99.98,99.98,0.00,1527931,23.31,23.31,56,565360,8.63,8.63,
2026-04-01,21:23:01.859,667177861,0.01,36900,667177861,667177861,0.01,36887,667177861,667178486,0.01,36238,667178486,667178486,0.01,36238,667178486,667178865,0.01,35858,667178865,667178865,0.01,35852,667178865,667179162,0.01,35604,667179162,667179162,0.01,35704,667179162,800657666,94.67,94.67,0.00,1609204,24.55,24.55,59,484767,7.40,7.40,667164987,0.01,36469,667164987,667164987,0.01,36454,667164987,667165328,0.01,36044,667165328,667165328,0.01,36004,667165328,667165395,0.01,35880,667165395,667165395,0.01,35825,667165395,667165498,0.01,35636,667165498,667165498,0.01,35593,667165498,800662906,99.88,99.88,0.00,1536538,23.45,23.45,55,566271,8.64,8.64,
2026-04-01,21:23:02.859,666512834,0.01,37135,666512834,666512834,0.01,37125,666512834,666513540,0.01,36475,666513540,666513540,0.01,36504,666513540,666513940,0.01,36163,666513940,666513940,0.01,36175,666513940,666514155,0.01,35904,666514155,666514155,0.01,35795,666514155,799861424,94.60,94.60,0.00,1612193,24.60,24.60,59,486010,7.42,7.42,666515701,0.01,36048,666515701,666515701,0.01,36080,666515701,666516044,0.01,35791,666516044,666516044,0.01,35834,666516044,666516173,0.01,35724,666516173,666516173,0.01,35785,666516173,666516308,0.01,35655,666516308,666516308,0.01,35712,666516308,799850582,99.74,99.74,0.00,1532890,23.39,23.39,56,569076,8.68,8.68,
2026-04-01,21:23:03.859,666553219,0.01,36980,666553219,666553219,0.01,37001,666553219,666553796,0.01,36454,666553796,666553796,0.01,36479,666553796,666554125,0.01,36114,666554125,666554125,0.01,36108,666554125,666554362,0.01,35958,666554362,666554362,0.01,36014,666554362,799908918,94.32,94.32,0.00,1610442,24.57,24.57,59,496476,7.58,7.58,666554498,0.01,36647,666554498,666554498,0.01,36628,666554498,666554872,0.01,36272,666554872,666554872,0.01,36263,666554872,666555054,0.01,36102,666555054,666555054,0.01,36092,666555054,666555371,0.01,35774,666555371,666555371,0.01,35773,666555371,799899840,99.95,99.95,0.00,1528385,23.32,23.32,56,566334,8.64,8.64,
2026-04-01,21:23:04.858,666514192,0.01,36640,666514192,666514192,0.01,36746,666514192,666514707,0.01,36207,666514707,666514707,0.01,36158,666514707,666514949,0.01,35901,666514949,666514949,0.01,35895,666514949,666515149,0.01,35622,666515149,666515149,0.01,36128,666515149,799860344,94.65,94.65,0.00,1608945,24.55,24.55,60,498915,7.61,7.61,666513409,0.01,36263,666513409,666513409,0.01,36219,666513409,666513652,0.01,35919,666513652,666513652,0.01,35885,666513652,666513820,0.01,35727,666513820,666513820,0.01,35668,666513820,666513873,0.01,35532,666513873,666513873,0.01,35470,666513873,799859971,99.97,99.97,0.00,1528306,23.32,23.32,55,564240,8.61,8.61,
2026-04-01,21:23:05.858,666490308,0.01,37686,666490308,666490308,0.01,37559,666490308,666491024,0.01,36870,666491024,666491024,0.01,36912,666491024,666491494,0.01,36453,666491494,666491494,0.01,36444,666491494,666491677,0.01,36251,666491677,666491677,0.01,35695,666491677,799834677,94.36,94.36,0.00,1615403,24.65,24.65,59,490716,7.49,7.49,666493168,0.01,36176,666493168,666493168,0.01,36178,666493168,666493618,0.01,35703,666493618,666493618,0.01,35677,666493618,666493883,0.01,35314,666493883,666493883,0.01,35321,666493883,666494078,0.01,35105,666494078,666494078,0.01,35099,666494078,799833249,99.85,99.85,0.00,1534446,23.41,23.41,55,569926,8.70,8.70,
2026-04-01,21:23:06.858,666605835,0.01,36623,666605835,666605835,0.01,36571,666605835,666606413,0.01,35825,666606413,666606413,0.01,35763,666606413,666606660,0.01,35673,666606660,666606660,0.01,35641,666606660,666606820,0.01,35395,666606820,666606820,0.01,35337,666606820,799969065,94.61,94.61,0.00,1605408,24.50,24.50,58,496753,7.58,7.58,666605641,0.01,36009,666605641,666605641,0.01,36064,666605641,666606068,0.01,35709,666606068,666606068,0.01,35774,666606068,666606310,0.01,35623,666606310,666606310,0.01,35677,666606310,666606459,0.01,35718,666606459,666606459,0.01,35778,666606459,799972469,99.99,99.99,0.00,1528010,23.32,23.32,55,574930,8.77,8.77,
2026-04-01,21:23:07.858,666507902,0.01,36398,666507902,666507902,0.01,36494,666507902,666508623,0.01,35863,666508623,666508623,0.01,35872,666508623,666508875,0.01,35455,666508875,666508875,0.01,35497,666508875,666509106,0.01,35358,666509106,666509106,0.01,35415,666509106,799853623,94.45,94.45,0.00,1619342,24.71,24.71,59,484959,7.40,7.40,666519961,0.01,37128,666519961,666519961,0.01,37186,666519961,666520334,0.01,36923,666520334,666520334,0.01,36998,666520334,666520748,0.01,36662,666520748,666520748,0.01,36730,666520748,666521053,0.01,36611,666521053,666521053,0.01,36672,666521053,799868631,99.95,99.95,0.00,1528332,23.32,23.32,55,570611,8.71,8.71,
2026-04-01,21:23:08.859,667187182,0.01,37009,667187182,667187182,0.01,36985,667187182,667187765,0.01,36408,667187765,667187765,0.01,36512,667187765,667188318,0.01,35949,667188318,667188318,0.01,35951,667188318,667188498,0.01,35779,667188498,667188498,0.01,35775,667188498,800670469,94.75,94.75,0.00,1613956,24.63,24.63,59,483574,7.38,7.38,667175823,0.01,37401,667175823,667175823,0.01,37345,667175823,667176223,0.01,36861,667176223,667176223,0.01,36789,667176223,667176308,0.01,36626,667176308,667176308,0.01,36570,667176308,667176550,0.01,36328,667176550,667176550,0.01,36265,667176550,800674829,99.98,99.98,0.00,1529578,23.34,23.34,55,567685,8.66,8.66,
2026-04-01,21:23:09.859,666515384,0.01,36725,666515384,666515384,0.01,36701,666515384,666515848,0.01,36238,666515848,666515848,0.01,36140,666515848,666516040,0.01,35955,666516040,666516040,0.01,35948,666516040,666516256,0.01,35726,666516256,666516256,0.01,35735,666516256,799860199,94.50,94.50,0.00,1613486,24.62,24.62,59,477591,7.29,7.29,666512431,0.01,36545,666512431,666512431,0.01,36471,666512431,666512714,0.01,36100,666512714,666512714,0.01,36044,666512714,666512868,0.01,35805,666512868,666512868,0.01,35736,666512868,666512954,0.01,35280,666512954,666512954,0.01,35232,666512954,799837708,99.98,99.98,0.00,1528041,23.32,23.32,55,564465,8.61,8.61,
2026-04-01,21:23:10.859,666524813,0.01,36421,666524813,666524813,0.01,36425,666524813,666525373,0.01,35853,666525373,666525373,0.01,35907,666525373,666525670,0.01,35605,666525670,666525670,0.01,35609,666525670,666525826,0.01,35436,666525826,666525826,0.01,35432,666525826,799874596,94.50,94.50,0.00,1611165,24.58,24.58,59,485095,7.40,7.40,666526683,0.01,35761,666526683,666526683,0.01,35782,666526683,666527068,0.01,35468,666527068,666527068,0.01,35470,666527068,666527159,0.01,35429,666527159,666527159,0.01,35430,666527159,666527263,0.01,35337,666527263,666527263,0.01,35424,666527263,799878175,99.83,99.83,0.00,1531495,23.37,23.37,55,566643,8.65,8.65,
2026-04-01,21:23:11.858,666506311,0.01,37295,666506311,666506311,0.01,37313,666506311,666507007,0.01,36647,666507007,666507007,0.01,36541,666507007,666507563,0.01,35901,666507563,666507563,0.01,35846,666507563,666507809,0.01,35624,666507809,666507809,0.01,35563,666507809,799852035,94.37,94.37,0.00,1611157,24.58,24.58,59,484688,7.40,7.40,666506652,0.01,36750,666506652,666506652,0.01,36732,666506652,666507143,0.01,36185,666507143,666507143,0.01,36183,666507143,666507313,0.01,35963,666507313,666507313,0.01,35961,666507313,666507541,0.01,36012,666507541,666507541,0.01,35920,666507541,799849832,99.91,99.91,0.00,1530884,23.36,23.36,55,585242,8.93,8.93,
2026-04-01,21:23:12.858,666514256,0.01,36821,666514256,666514256,0.01,36790,666514256,666514988,0.01,36027,666514988,666514988,0.01,36087,666514988,666515338,0.01,35892,666515338,666515338,0.01,35958,666515338,666515596,0.01,35716,666515596,666515596,0.01,35771,666515596,799861041,94.21,94.21,0.00,1616723,24.67,24.67,59,480060,7.33,7.33,666516189,0.01,36230,666516189,666516189,0.01,36244,666516189,666516598,0.01,35798,666516598,666516598,0.01,35807,666516598,666516806,0.01,35598,666516806,666516806,0.01,35612,666516806,666516941,0.01,35218,666516941,666516941,0.01,35222,666516941,799862002,99.88,99.88,0.00,1529413,23.34,23.34,55,584079,8.91,8.91,
2026-04-01,21:23:13.859,667159771,0.01,37417,667159771,667159771,0.01,37437,667159771,667160585,0.01,36747,667160585,667160585,0.01,36747,667160585,667161044,0.01,36218,667161044,667161044,0.01,36258,667161044,667161527,0.01,35747,667161527,667161527,0.01,35756,667161527,800653060,94.81,94.81,0.00,1613152,24.61,24.59,59,483576,7.38,7.37,667174533,0.01,36470,667174533,667174533,0.01,36570,667174533,667175199,0.01,35998,667175199,667175199,0.01,36036,667175199,667175362,0.01,35955,667175362,667175362,0.01,36017,667175362,667175582,0.01,35850,667175582,667175582,0.01,35934,667175582,800654820,99.98,99.98,0.00,1528062,23.32,23.29,55,584878,8.92,8.92,
2026-04-01,21:23:14.860,667179560,0.01,37087,667179560,667179560,0.01,37144,667179560,667180057,0.01,36633,667180057,667180057,0.01,36625,667180057,667180362,0.01,36300,667180362,667180362,0.01,36238,667180362,667180624,0.01,35963,667180624,667180624,0.01,35964,667180624,800644142,94.49,94.49,0.00,1604322,24.48,24.48,59,479185,7.31,7.31,667164673,0.01,36665,667164673,667164673,0.01,36560,667164673,667165089,0.01,36073,667165089,667165089,0.01,36026,667165089,667165371,0.01,35662,667165371,667165371,0.01,35587,667165371,667165470,0.01,35388,667165470,667165470,0.01,35307,667165470,800674917,99.96,99.96,0.00,1533937,23.41,23.41,54,579529,8.84,8.84,
2026-04-01,21:23:15.860,666565142,0.01,36943,666565142,666565142,0.01,36879,666565142,666565634,0.01,36318,666565634,666565634,0.01,36367,666565634,666566089,0.01,35930,666566089,666566089,0.01,35940,666566089,666566257,0.01,35852,666566257,666566257,0.01,35944,666566257,799921765,94.18,94.18,0.00,1603216,24.46,24.46,59,482139,7.36,7.36,666564921,0.01,35846,666564921,666564921,0.01,35851,666564921,666565208,0.01,35578,666565208,666565208,0.01,35582,666565208,666565394,0.01,35449,666565394,666565394,0.01,35476,666565394,666565518,0.01,35667,666565518,666565518,0.01,35671,666565518,799886504,99.90,99.90,0.00,1529369,23.34,23.34,56,566369,8.64,8.64,
