,,S0CH0,S0CH0,S0CH0,S0CH0,S0CH0,S0CH0,S0CH0,S0CH0,S0CH1,S0CH1,S0CH1,S0CH1,S0CH1,S0CH1,S0CH1,S0CH1,S0CH2,S0CH2,S0CH2,S0CH2,S0CH2,S0CH2,S0CH2,S0CH2,S0CH3,S0CH3,S0CH3,S0CH3,S0CH3,S0CH3,S0CH3,S0CH3,S0CH4,S0CH4,S0CH4,S0CH4,S0CH4,S0CH4,S0CH4,S0CH4,S0CH5,S0CH5,S0CH5,S0CH5,S0CH5,S0CH5,S0CH5,S0CH5,S0CH6,S0CH6,S0CH6,S0CH6,S0CH6,S0CH6,S0CH6,S0CH6,S0CH7,S0CH7,S0CH7,S0CH7,S0CH7,S0CH7,S0CH7,S0CH7,S0,S0,S0,S0,S0,S0,S0,S0,S0,S0,S0,
Date,Time,DRAMClocks,Rank0 CKE Off Residency(%),Rank0 CKE Off Average Cycles,Rank0 Cycles per transition,DRAMClocks,Rank1 CKE Off Residency(%),Rank1 CKE Off Average Cycles,Rank1 Cycles per transition,DRAMClocks,Rank0 CKE Off Residency(%),Rank0 CKE Off Average Cycles,Rank0 Cycles per transition,DRAMClocks,Rank1 CKE Off Residency(%),Rank1 CKE Off Average Cycles,Rank1 Cycles per transition,DRAMClocks,Rank0 CKE Off Residency(%),Rank0 CKE Off Average Cycles,Rank0 Cycles per transition,DRAMClocks,Rank1 CKE Off Residency(%),Rank1 CKE Off Average Cycles,Rank1 Cycles per transition,DRAMClocks,Rank0 CKE Off Residency(%),Rank0 CKE Off Average Cycles,Rank0 Cycles per transition,DRAMClocks,Rank1 CKE Off Residency(%),Rank1 CKE Off Average Cycles,Rank1 Cycles per transition,DRAMClocks,Rank0 CKE Off Residency(%),Rank0 CKE Off Average Cycles,Rank0 Cycles per transition,DRAMClocks,Rank1 CKE Off Residency(%),Rank1 CKE Off Average Cycles,Rank1 Cycles per transition,DRAMClocks,Rank0 CKE Off Residency(%),Rank0 CKE Off Average Cycles,Rank0 Cycles per transition,DRAMClocks,Rank1 CKE Off Residency(%),Rank1 CKE Off Average Cycles,Rank1 Cycles per transition,DRAMClocks,Rank0 CKE Off Residency(%),Rank0 CKE Off Average Cycles,Rank0 Cycles per transition,DRAMClocks,Rank1 CKE Off Residency(%),Rank1 CKE Off Average Cycles,Rank1 Cycles per transition,DRAMClocks,Rank0 CKE Off Residency(%),Rank0 CKE Off Average Cycles,Rank0 Cycles per transition,DRAMClocks,Rank1 CKE Off Residency(%),Rank1 CKE Off Average Cycles,Rank1 Cycles per transition,PCUClocks,Freq band 0 cycles(%),Freq band 1 cycles(%),Freq band 2 cycles(%),Consumed energy units,Consumed Joules,Watts,Thermal headroom below TjMax(°C),Consumed DRAM energy units,Consumed DRAM Joules,DRAM Watts,
2026-04-01,21:26:18.225,1208572863,100.00,-1,-1,1208572863,0.00,2,1208572863,1208572908,100.00,-1,-1,1208572908,0.00,2,1208572908,1208572962,100.00,-1,-1,1208572962,0.00,2,1208572962,1208573013,100.00,-1,-1,1208573013,0.00,2,1208573013,1208573058,100.00,-1,-1,1208573058,0.00,2,1208573058,1208573106,100.00,-1,-1,1208573106,0.00,2,1208573106,1208573160,100.00,-1,-1,1208573160,0.00,2,1208573160,1208573205,100.00,-1,-1,1208573205,0.00,2,1208573205,1108076772,0.00,0.00,0.00,1534112,93.63,93.63,48,97176,5.93,5.93,
2026-04-01,21:26:19.223,1197375378,100.00,-1,-1,1197375378,0.00,2,1197375378,1197375378,100.00,-1,-1,1197375378,0.00,2,1197375378,1197375504,100.00,-1,-1,1197375504,0.00,2,1197375504,1197375507,100.00,-1,-1,1197375507,0.00,2,1197375507,1197375501,100.00,-1,-1,1197375501,0.00,2,1197375501,1197375498,100.00,-1,-1,1197375498,0.00,2,1197375498,1197375507,100.00,-1,-1,1197375507,0.00,2,1197375507,1197375510,100.00,-1,-1,1197375510,0.00,2,1197375510,1097717159,0.00,0.00,0.00,1515366,92.49,92.49,49,95088,5.80,5.80,
2026-04-01,21:26:20.226,1197553044,100.00,-1,-1,1197553044,0.00,2,1197553044,1197553044,100.00,-1,-1,1197553044,0.00,2,1197553044,1197553047,100.00,-1,-1,1197553047,0.00,2,1197553047,1197553050,100.00,-1,-1,1197553050,0.00,2,1197553050,1197553089,100.00,-1,-1,1197553089,0.00,2,1197553089,1197553083,100.00,-1,-1,1197553083,0.00,2,1197553083,1197553080,100.00,-1,-1,1197553080,0.00,2,1197553080,1197553083,100.00,-1,-1,1197553083,0.00,2,1197553083,1097874613,0.00,0.00,0.00,1513165,92.36,92.26,49,95153,5.81,5.80,
2026-04-01,21:26:21.224,1197840363,100.00,-1,-1,1197840363,0.00,2,1197840363,1197840363,100.00,-1,-1,1197840363,0.00,2,1197840363,1197840366,100.00,-1,-1,1197840366,0.00,2,1197840366,1197840366,100.00,-1,-1,1197840366,0.00,2,1197840366,1197840372,100.00,-1,-1,1197840372,0.00,2,1197840372,1197840402,100.00,-1,-1,1197840402,0.00,2,1197840402,1197840396,100.00,-1,-1,1197840396,0.00,2,1197840396,1197840393,100.00,-1,-1,1197840393,0.00,2,1197840393,1098121060,0.00,0.00,0.00,1518096,92.66,92.66,48,97502,5.95,5.95,
2026-04-01,21:26:22.225,1197580758,100.00,-1,-1,1197580758,0.00,2,1197580758,1197580758,100.00,-1,-1,1197580758,0.00,2,1197580758,1197580761,100.00,-1,-1,1197580761,0.00,2,1197580761,1197580758,100.00,-1,-1,1197580758,0.00,2,1197580758,1197580713,100.00,-1,-1,1197580713,0.00,2,1197580713,1197580710,100.00,-1,-1,1197580710,0.00,2,1197580710,1197580707,100.00,-1,-1,1197580707,0.00,2,1197580707,1197580707,100.00,-1,-1,1197580707,0.00,2,1197580707,1097905684,0.00,0.00,0.00,1521662,92.87,92.78,48,94852,5.79,5.78,
2026-04-01,21:26:23.225,1197585270,100.00,-1,-1,1197585270,0.00,2,1197585270,1197585276,100.00,-1,-1,1197585276,0.00,2,1197585276,1197585465,100.00,-1,-1,1197585465,0.00,2,1197585465,1197585468,100.00,-1,-1,1197585468,0.00,2,1197585468,1197585471,100.00,-1,-1,1197585471,0.00,2,1197585471,1197585471,100.00,-1,-1,1197585471,0.00,2,1197585471,1197585492,100.00,-1,-1,1197585492,0.00,2,1197585492,1197585471,100.00,-1,-1,1197585471,0.00,2,1197585471,1097869604,0.00,0.00,0.00,1518153,92.66,92.66,49,95282,5.82,5.82,
2026-04-01,21:26:24.225,1197592191,100.00,-1,-1,1197592191,0.00,2,1197592191,1197592194,100.00,-1,-1,1197592194,0.00,2,1197592194,1197592200,100.00,-1,-1,1197592200,0.00,2,1197592200,1197592200,100.00,-1,-1,1197592200,0.00,2,1197592200,1197592200,100.00,-1,-1,1197592200,0.00,2,1197592200,1197592209,100.00,-1,-1,1197592209,0.00,2,1197592209,1197592212,100.00,-1,-1,1197592212,0.00,2,1197592212,1197592218,100.00,-1,-1,1197592218,0.00,2,1197592218,1097897336,0.00,0.00,0.00,1515748,92.51,92.51,49,92369,5.64,5.64,
2026-04-01,21:26:25.226,1197451986,100.00,-1,-1,1197451986,0.00,2,1197451986,1197451986,100.00,-1,-1,1197451986,0.00,2,1197451986,1197451992,100.00,-1,-1,1197451992,0.00,2,1197451992,1197451995,100.00,-1,-1,1197451995,0.00,2,1197451995,1197452001,100.00,-1,-1,1197452001,0.00,2,1197452001,1197452001,100.00,-1,-1,1197452001,0.00,2,1197452001,1197452001,100.00,-1,-1,1197452001,0.00,2,1197452001,1197452004,100.00,-1,-1,1197452004,0.00,2,1197452004,1097784193,0.00,0.00,0.00,1518190,92.66,92.57,49,92035,5.62,5.61,
2026-04-01,21:26:26.226,1197475038,100.00,-1,-1,1197475038,0.00,2,1197475038,1197475038,100.00,-1,-1,1197475038,0.00,2,1197475038,1197475041,100.00,-1,-1,1197475041,0.00,2,1197475041,1197475041,100.00,-1,-1,1197475041,0.00,2,1197475041,1197475050,100.00,-1,-1,1197475050,0.00,2,1197475050,1197475053,100.00,-1,-1,1197475053,0.00,2,1197475053,1197475050,100.00,-1,-1,1197475050,0.00,2,1197475050,1197475053,100.00,-1,-1,1197475053,0.00,2,1197475053,1097752351,0.00,0.00,0.00,1523169,92.97,92.97,49,93214,5.69,5.69,
2026-04-01,21:26:27.226,1197190209,100.00,-1,-1,1197190209,0.00,2,1197190209,1197190206,100.00,-1,-1,1197190206,0.00,2,1197190206,1197190209,100.00,-1,-1,1197190209,0.00,2,1197190209,1197190215,100.00,-1,-1,1197190215,0.00,2,1197190215,1197190218,100.00,-1,-1,1197190218,0.00,2,1197190218,1197190218,100.00,-1,-1,1197190218,0.00,2,1197190218,1197190193,100.00,-1,-1,1197190193,0.00,2,1197190193,1197190185,100.00,-1,-1,1197190185,0.00,2,1197190185,1097573221,0.00,0.00,0.00,1518478,92.68,92.68,49,93426,5.70,5.70,
2026-04-01,21:26:28.226,1197523803,100.00,-1,-1,1197523803,0.00,2,1197523803,1197523806,100.00,-1,-1,1197523806,0.00,2,1197523806,1197523863,100.00,-1,-1,1197523863,0.00,2,1197523863,1197523866,100.00,-1,-1,1197523866,0.00,2,1197523866,1197523866,100.00,-1,-1,1197523866,0.00,2,1197523866,1197523863,100.00,-1,-1,1197523863,0.00,2,1197523863,1197523869,100.00,-1,-1,1197523869,0.00,2,1197523869,1197523869,100.00,-1,-1,1197523869,0.00,2,1197523869,1097823735,0.00,0.00,0.00,1515700,92.51,92.51,49,94148,5.75,5.75,
2026-04-01,21:26:29.227,1197476595,100.00,-1,-1,1197476595,0.00,2,1197476595,1197476589,100.00,-1,-1,1197476589,0.00,2,1197476589,1197476592,100.00,-1,-1,1197476592,0.00,2,1197476592,1197476592,100.00,-1,-1,1197476592,0.00,2,1197476592,1197476592,100.00,-1,-1,1197476592,0.00,2,1197476592,1197476595,100.00,-1,-1,1197476595,0.00,2,1197476595,1197476604,100.00,-1,-1,1197476604,0.00,2,1197476604,1197476604,100.00,-1,-1,1197476604,0.00,2,1197476604,1097796073,0.00,0.00,0.00,1517725,92.63,92.54,49,93562,5.71,5.70,
2026-04-01,21:26:30.228,1197576447,100.00,-1,-1,1197576447,0.00,2,1197576447,1197576447,100.00,-1,-1,1197576447,0.00,2,1197576447,1197576510,100.00,-1,-1,1197576510,0.00,2,1197576510,1197576507,100.00,-1,-1,1197576507,0.00,2,1197576507,1197576504,100.00,-1,-1,1197576504,0.00,2,1197576504,1197576507,100.00,-1,-1,1197576507,0.00,2,1197576507,1197576477,100.00,-1,-1,1197576477,0.00,2,1197576477,1197576474,100.00,-1,-1,1197576474,0.00,2,1197576474,1097901742,0.00,0.00,0.00,1516702,92.57,92.57,48,93018,5.68,5.68,
2026-04-01,21:26:31.227,1197301248,100.00,-1,-1,1197301248,0.00,2,1197301248,1197301248,100.00,-1,-1,1197301248,0.00,2,1197301248,1197301287,100.00,-1,-1,1197301287,0.00,2,1197301287,1197301287,100.00,-1,-1,1197301287,0.00,2,1197301287,1197301290,100.00,-1,-1,1197301290,0.00,2,1197301290,1197301290,100.00,-1,-1,1197301290,0.00,2,1197301290,1197301287,100.00,-1,-1,1197301287,0.00,2,1197301287,1197301281,100.00,-1,-1,1197301281,0.00,2,1197301281,1097626574,0.00,0.00,0.00,1516837,92.58,92.58,48,93113,5.68,5.68,
2026-04-01,21:26:32.227,1197539859,100.00,-1,-1,1197539859,0.00,2,1197539859,1197539862,100.00,-1,-1,1197539862,0.00,2,1197539862,1197539871,100.00,-1,-1,1197539871,0.00,2,1197539871,1197539865,100.00,-1,-1,1197539865,0.00,2,1197539865,1197539868,100.00,-1,-1,1197539868,0.00,2,1197539868,1197539868,100.00,-1,-1,1197539868,0.00,2,1197539868,1197539865,100.00,-1,-1,1197539865,0.00,2,1197539865,1197539865,100.00,-1,-1,1197539865,0.00,2,1197539865,1097851084,0.00,0.00,0.00,1517241,92.61,92.61,49,93685,5.72,5.72,
2026-04-01,21:26:33.227,1196306733,100.00,-1,-1,1196306733,0.00,2,1196306733,1196306727,100.00,-1,-1,1196306727,0.00,2,1196306727,1196306736,100.00,-1,-1,1196306736,0.00,2,1196306736,1196306736,100.00,-1,-1,1196306736,0.00,2,1196306736,1196306742,100.00,-1,-1,1196306742,0.00,2,1196306742,1196306745,100.00,-1,-1,1196306745,0.00,2,1196306745,1196306709,100.00,-1,-1,1196306709,0.00,2,1196306709,1196306709,100.00,-1,-1,1196306709,0.00,2,1196306709,1096733572,0.00,0.00,0.00,1512985,92.35,92.35,49,93574,5.71,5.71,
2026-04-01,21:26:34.228,1197483132,100.00,-1,-1,1197483132,0.00,2,1197483132,1197483129,100.00,-1,-1,1197483129,0.00,2,1197483129,1197483135,100.00,-1,-1,1197483135,0.00,2,1197483135,1197483153,100.00,-1,-1,1197483153,0.00,2,1197483153,1197483156,100.00,-1,-1,1197483156,0.00,2,1197483156,1197483156,100.00,-1,-1,1197483156,0.00,2,1197483156,1197483159,100.00,-1,-1,1197483159,0.00,2,1197483159,1197483156,100.00,-1,-1,1197483156,0.00,2,1197483156,1097771881,0.00,0.00,0.00,1517968,92.65,92.65,49,92410,5.64,5.64,
2026-04-01,21:26:35.227,1197516300,100.00,-1,-1,1197516300,0.00,2,1197516300,1197516303,100.00,-1,-1,1197516303,0.00,2,1197516303,1197516264,100.00,-1,-1,1197516264,0.00,2,1197516264,1197516261,100.00,-1,-1,1197516261,0.00,2,1197516261,1197516255,100.00,-1,-1,1197516255,0.00,2,1197516255,1197516255,100.00,-1,-1,1197516255,0.00,2,1197516255,1197516249,100.00,-1,-1,1197516249,0.00,2,1197516249,1197516246,100.00,-1,-1,1197516246,0.00,2,1197516246,1097871319,0.00,0.00,0.00,1519895,92.77,92.77,49,93438,5.70,5.70,
2026-04-01,21:26:36.228,1197501186,100.00,-1,-1,1197501186,0.00,2,1197501186,1197501186,100.00,-1,-1,1197501186,0.00,2,1197501186,1197501186,100.00,-1,-1,1197501186,0.00,2,1197501186,1197501183,100.00,-1,-1,1197501183,0.00,2,1197501183,1197501177,100.00,-1,-1,1197501177,0.00,2,1197501177,1197501180,100.00,-1,-1,1197501180,0.00,2,1197501180,1197501216,100.00,-1,-1,1197501216,0.00,2,1197501216,1197501222,100.00,-1,-1,1197501222,0.00,2,1197501222,1097793158,0.00,0.00,0.00,1517725,92.63,92.54,49,91653,5.59,5.59,
2026-04-01,21:26:37.228,1197558867,100.00,-1,-1,1197558867,0.00,2,1197558867,1197558927,100.00,-1,-1,1197558927,0.00,2,1197558927,1197558927,100.00,-1,-1,1197558927,0.00,2,1197558927,1197558930,100.00,-1,-1,1197558930,0.00,2,1197558930,1197558930,100.00,-1,-1,1197558930,0.00,2,1197558930,1197558930,100.00,-1,-1,1197558930,0.00,2,1197558930,1197558933,100.00,-1,-1,1197558933,0.00,2,1197558933,1197558936,100.00,-1,-1,1197558936,0.00,2,1197558936,1097880107,0.00,0.00,0.00,1518459,92.68,92.68,49,91821,5.60,5.60,
2026-04-01,21:26:38.231,1197551997,100.00,-1,-1,1197551997,0.00,2,1197551997,1197552006,100.00,-1,-1,1197552006,0.00,2,1197552006,1197552084,100.00,-1,-1,1197552084,0.00,2,1197552084,1197552084,100.00,-1,-1,1197552084,0.00,2,1197552084,1197552084,100.00,-1,-1,1197552084,0.00,2,1197552084,1197552084,100.00,-1,-1,1197552084,0.00,2,1197552084,1197552109,100.00,-1,-1,1197552109,0.00,2,1197552109,1197552093,100.00,-1,-1,1197552093,0.00,2,1197552093,1097847498,0.00,0.00,0.00,1512291,92.30,92.30,48,90627,5.53,5.53,
2026-04-01,21:26:39.228,1196658165,100.00,-1,-1,1196658165,0.00,2,1196658165,1196658165,100.00,-1,-1,1196658165,0.00,2,1196658165,1196658159,100.00,-1,-1,1196658159,0.00,2,1196658159,1196658171,100.00,-1,-1,1196658171,0.00,2,1196658171,1196658171,100.00,-1,-1,1196658171,0.00,2,1196658171,1196658186,100.00,-1,-1,1196658186,0.00,2,1196658186,1196658198,100.00,-1,-1,1196658198,0.00,2,1196658198,1196658198,100.00,-1,-1,1196658198,0.00,2,1196658198,1097048560,0.00,0.00,0.00,1516525,92.56,92.56,49,92612,5.65,5.65,
2026-04-01,21:26:40.228,1197486945,100.00,-1,-1,1197486945,0.00,2,1197486945,1197486948,100.00,-1,-1,1197486948,0.00,2,1197486948,1197486939,100.00,-1,-1,1197486939,0.00,2,1197486939,1197486915,100.00,-1,-1,1197486915,0.00,2,1197486915,1197486915,100.00,-1,-1,1197486915,0.00,2,1197486915,1197486909,100.00,-1,-1,1197486909,0.00,2,1197486909,1197486906,100.00,-1,-1,1197486906,0.00,2,1197486906,1197486882,100.00,-1,-1,1197486882,0.00,2,1197486882,1097790117,0.00,0.00,0.00,1513830,92.40,92.40,49,93837,5.73,5.73,
2026-04-01,21:26:41.229,1197598908,100.00,-1,-1,1197598908,0.00,2,1197598908,1197598908,100.00,-1,-1,1197598908,0.00,2,1197598908,1197598911,100.00,-1,-1,1197598911,0.00,2,1197598911,1197598908,100.00,-1,-1,1197598908,0.00,2,1197598908,1197598902,100.00,-1,-1,1197598902,0.00,2,1197598902,1197598905,100.00,-1,-1,1197598905,0.00,2,1197598905,1197598959,100.00,-1,-1,1197598959,0.00,2,1197598959,1197598959,100.00,-1,-1,1197598959,0.00,2,1197598959,1097903906,0.00,0.00,0.00,1519343,92.73,92.64,49,93891,5.73,5.72,
2026-04-01,21:26:42.229,1197507594,100.00,-1,-1,1197507594,0.00,2,1197507594,1197507600,100.00,-1,-1,1197507600,0.00,2,1197507600,1197507624,100.00,-1,-1,1197507624,0.00,2,1197507624,1197507618,100.00,-1,-1,1197507618,0.00,2,1197507618,1197507615,100.00,-1,-1,1197507615,0.00,2,1197507615,1197507585,100.00,-1,-1,1197507585,0.00,2,1197507585,1197507579,100.00,-1,-1,1197507579,0.00,2,1197507579,1197507597,100.00,-1,-1,1197507597,0.00,2,1197507597,1097828063,0.00,0.00,0.00,1523285,92.97,92.97,48,94443,5.76,5.76,
2026-04-01,21:26:43.229,1197631428,100.00,-1,-1,1197631428,0.00,2,1197631428,1197631428,100.00,-1,-1,1197631428,0.00,2,1197631428,1197631434,100.00,-1,-1,1197631434,0.00,2,1197631434,1197631428,100.00,-1,-1,1197631428,0.00,2,1197631428,1197631431,100.00,-1,-1,1197631431,0.00,2,1197631431,1197631434,100.00,-1,-1,1197631434,0.00,2,1197631434,1197631407,100.00,-1,-1,1197631407,0.00,2,1197631407,1197631437,100.00,-1,-1,1197631437,0.00,2,1197631437,1097921553,0.00,0.00,0.00,1522219,92.91,92.91,49,94133,5.75,5.75,
2026-04-01,21:26:44.230,1197549198,100.00,-1,-1,1197549198,0.00,2,1197549198,1197549195,100.00,-1,-1,1197549195,0.00,2,1197549195,1197549159,100.00,-1,-1,1197549159,0.00,2,1197549159,1197549159,100.00,-1,-1,1197549159,0.00,2,1197549159,1197549165,100.00,-1,-1,1197549165,0.00,2,1197549165,1197549168,100.00,-1,-1,1197549168,0.00,2,1197549168,1197549168,100.00,-1,-1,1197549168,0.00,2,1197549168,1197549165,100.00,-1,-1,1197549165,0.00,2,1197549165,1097858773,0.00,0.00,0.00,1524866,93.07,92.98,49,92533,5.65,5.64,
2026-04-01,21:26:45.230,1197579411,100.00,-1,-1,1197579411,0.00,2,1197579411,1197579414,100.00,-1,-1,1197579414,0.00,2,1197579414,1197579423,100.00,-1,-1,1197579423,0.00,2,1197579423,1197579423,100.00,-1,-1,1197579423,0.00,2,1197579423,1197579429,100.00,-1,-1,1197579429,0.00,2,1197579429,1197579432,100.00,-1,-1,1197579432,0.00,2,1197579432,1197579432,100.00,-1,-1,1197579432,0.00,2,1197579432,1197579435,100.00,-1,-1,1197579435,0.00,2,1197579435,1097893627,0.00,0.00,0.00,1517858,92.64,92.64,48,92645,5.65,5.65,
2026-04-01,21:26:46.231,1197695454,100.00,-1,-1,1197695454,0.00,2,1197695454,1197695451,100.00,-1,-1,1197695451,0.00,2,1197695451,1197695454,100.00,-1,-1,1197695454,0.00,2,1197695454,1197695451,100.00,-1,-1,1197695451,0.00,2,1197695451,1197695460,100.00,-1,-1,1197695460,0.00,2,1197695460,1197695454,100.00,-1,-1,1197695454,0.00,2,1197695454,1197695454,100.00,-1,-1,1197695454,0.00,2,1197695454,1197695376,100.00,-1,-1,1197695376,0.00,2,1197695376,1097980006,0.00,0.00,0.00,1522656,92.94,92.94,48,91668,5.59,5.59,
2026-04-01,21:26:47.230,1197183396,100.00,-1,-1,1197183396,0.00,2,1197183396,1197183486,100.00,-1,-1,1197183486,0.00,2,1197183486,1197183486,100.00,-1,-1,1197183486,0.00,2,1197183486,1197183492,100.00,-1,-1,1197183492,0.00,2,1197183492,1197183495,100.00,-1,-1,1197183495,0.00,2,1197183495,1197183498,100.00,-1,-1,1197183498,0.00,2,1197183498,1197183510,100.00,-1,-1,1197183510,0.00,2,1197183510,1197183507,100.00,-1,-1,1197183507,0.00,2,1197183507,1097525512,0.00,0.00,0.00,1514308,92.43,92.43,48,92872,5.67,5.67,
2026-04-01,21:26:48.230,1196259336,100.00,-1,-1,1196259336,0.00,2,1196259336,1196259336,100.00,-1,-1,1196259336,0.00,2,1196259336,1196259339,100.00,-1,-1,1196259339,0.00,2,1196259339,1196259339,100.00,-1,-1,1196259339,0.00,2,1196259339,1196259345,100.00,-1,-1,1196259345,0.00,2,1196259345,1196259345,100.00,-1,-1,1196259345,0.00,2,1196259345,1196259351,100.00,-1,-1,1196259351,0.00,2,1196259351,1196259345,100.00,-1,-1,1196259345,0.00,2,1196259345,1096673135,0.00,0.00,0.00,1517103,92.60,92.60,48,91397,5.58,5.58,
2026-04-01,21:26:49.230,1197893832,100.00,-1,-1,1197893832,0.00,2,1197893832,1197893793,100.00,-1,-1,1197893793,0.00,2,1197893793,1197893793,100.00,-1,-1,1197893793,0.00,2,1197893793,1197893796,100.00,-1,-1,1197893796,0.00,2,1197893796,1197893796,100.00,-1,-1,1197893796,0.00,2,1197893796,1197893796,100.00,-1,-1,1197893796,0.00,2,1197893796,1197893796,100.00,-1,-1,1197893796,0.00,2,1197893796,1197893799,100.00,-1,-1,1197893799,0.00,2,1197893799,1098191641,0.00,0.00,0.00,1525089,93.08,93.08,48,90480,5.52,5.52,
2026-04-01,21:26:50.230,1196565183,100.00,-1,-1,1196565183,0.00,2,1196565183,1196565186,100.00,-1,-1,1196565186,0.00,2,1196565186,1196565192,100.00,-1,-1,1196565192,0.00,2,1196565192,1196565198,100.00,-1,-1,1196565198,0.00,2,1196565198,1196565207,100.00,-1,-1,1196565207,0.00,2,1196565207,1196565210,100.00,-1,-1,1196565210,0.00,2,1196565210,1196565213,100.00,-1,-1,1196565213,0.00,2,1196565213,1196565216,100.00,-1,-1,1196565216,0.00,2,1196565216,1096943683,0.00,0.00,0.00,1526617,93.18,93.18,48,92131,5.62,5.62,
2026-04-01,21:26:51.230,1197108408,100.00,-1,-1,1197108408,0.00,2,1197108408,1197108444,100.00,-1,-1,1197108444,0.00,2,1197108444,1197108423,100.00,-1,-1,1197108423,0.00,2,1197108423,1197108429,100.00,-1,-1,1197108429,0.00,2,1197108429,1197108426,100.00,-1,-1,1197108426,0.00,2,1197108426,1197108423,100.00,-1,-1,1197108423,0.00,2,1197108423,1197108423,100.00,-1,-1,1197108423,0.00,2,1197108423,1197108426,100.00,-1,-1,1197108426,0.00,2,1197108426,1097467484,0.00,0.00,0.00,1519624,92.75,92.75,48,92835,5.67,5.67,
2026-04-01,21:26:52.231,1197364722,100.00,-1,-1,1197364722,0.00,2,1197364722,1197364722,100.00,-1,-1,1197364722,0.00,2,1197364722,1197364725,100.00,-1,-1,1197364725,0.00,2,1197364725,1197364731,100.00,-1,-1,1197364731,0.00,2,1197364731,1197364740,100.00,-1,-1,1197364740,0.00,2,1197364740,1197364740,100.00,-1,-1,1197364740,0.00,2,1197364740,1197364740,100.00,-1,-1,1197364740,0.00,2,1197364740,1197364737,100.00,-1,-1,1197364737,0.00,2,1197364737,1097654891,0.00,0.00,0.00,1520060,92.78,92.78,49,91782,5.60,5.60,
2026-04-01,21:26:53.232,1197581304,100.00,-1,-1,1197581304,0.00,2,1197581304,1197581262,100.00,-1,-1,1197581262,0.00,2,1197581262,1197581217,100.00,-1,-1,1197581217,0.00,2,1197581217,1197581172,100.00,-1,-1,1197581172,0.00,2,1197581172,1197581130,100.00,-1,-1,1197581130,0.00,2,1197581130,1197581085,100.00,-1,-1,1197581085,0.00,2,1197581085,1197581046,100.00,-1,-1,1197581046,0.00,2,1197581046,1197581007,100.00,-1,-1,1197581007,0.00,2,1197581007,1097787985,0.00,0.00,0.00,1526154,93.15,93.15,48,92746,5.66,5.66,
2026-04-01,21:26:54.230,1197252999,100.00,-1,-1,1197252999,0.00,2,1197252999,1197253023,100.00,-1,-1,1197253023,0.00,2,1197253023,1197253053,100.00,-1,-1,1197253053,0.00,2,1197253053,1197253086,100.00,-1,-1,1197253086,0.00,2,1197253086,1197253116,100.00,-1,-1,1197253116,0.00,2,1197253116,1197253146,100.00,-1,-1,1197253146,0.00,2,1197253146,1197253176,100.00,-1,-1,1197253176,0.00,2,1197253176,1197253206,100.00,-1,-1,1197253206,0.00,2,1197253206,1097674806,0.00,0.00,0.00,1520569,92.81,92.81,48,92694,5.66,5.66,
2026-04-01,21:26:55.230,1196284911,100.00,-1,-1,1196284911,0.00,2,1196284911,1196284911,100.00,-1,-1,1196284911,0.00,2,1196284911,1196284914,100.00,-1,-1,1196284914,0.00,2,1196284914,1196284917,100.00,-1,-1,1196284917,0.00,2,1196284917,1196284917,100.00,-1,-1,1196284917,0.00,2,1196284917,1196284896,100.00,-1,-1,1196284896,0.00,2,1196284896,1196284905,100.00,-1,-1,1196284905,0.00,2,1196284905,1196284938,100.00,-1,-1,1196284938,0.00,2,1196284938,1096698887,0.00,0.00,0.00,1520552,92.81,92.81,49,93394,5.70,5.70,
2026-04-01,21:26:56.230,1198087689,100.00,-1,-1,1198087689,0.00,2,1198087689,1198087689,100.00,-1,-1,1198087689,0.00,2,1198087689,1198087689,100.00,-1,-1,1198087689,0.00,2,1198087689,1198087689,100.00,-1,-1,1198087689,0.00,2,1198087689,1198087695,100.00,-1,-1,1198087695,0.00,2,1198087695,1198087707,100.00,-1,-1,1198087707,0.00,2,1198087707,1198087704,100.00,-1,-1,1198087704,0.00,2,1198087704,1198087704,100.00,-1,-1,1198087704,0.00,2,1198087704,1098346634,0.00,0.00,0.00,1511269,92.24,92.15,48,91937,5.61,5.61,
2026-04-01,21:26:57.231,1197454344,100.00,-1,-1,1197454344,0.00,2,1197454344,1197454341,100.00,-1,-1,1197454341,0.00,2,1197454341,1197454347,100.00,-1,-1,1197454347,0.00,2,1197454347,1197454365,100.00,-1,-1,1197454365,0.00,2,1197454365,1197454353,100.00,-1,-1,1197454353,0.00,2,1197454353,1197454353,100.00,-1,-1,1197454353,0.00,2,1197454353,1197454365,100.00,-1,-1,1197454365,0.00,2,1197454365,1197454368,100.00,-1,-1,1197454368,0.00,2,1197454368,1097787864,0.00,0.00,0.00,1515842,92.52,92.52,48,92405,5.64,5.64,
2026-04-01,21:26:58.231,1197546294,100.00,-1,-1,1197546294,0.00,2,1197546294,1197546291,100.00,-1,-1,1197546291,0.00,2,1197546291,1197546438,100.00,-1,-1,1197546438,0.00,2,1197546438,1197546438,100.00,-1,-1,1197546438,0.00,2,1197546438,1197546435,100.00,-1,-1,1197546435,0.00,2,1197546435,1197546435,100.00,-1,-1,1197546435,0.00,2,1197546435,1197546438,100.00,-1,-1,1197546438,0.00,2,1197546438,1197546438,100.00,-1,-1,1197546438,0.00,2,1197546438,1097858971,0.00,0.00,0.00,1516482,92.56,92.56,48,93213,5.69,5.69,
2026-04-01,21:26:59.231,1197631758,100.00,-1,-1,1197631758,0.00,2,1197631758,1197631767,100.00,-1,-1,1197631767,0.00,2,1197631767,1197631764,100.00,-1,-1,1197631764,0.00,2,1197631764,1197631764,100.00,-1,-1,1197631764,0.00,2,1197631764,1197631773,100.00,-1,-1,1197631773,0.00,2,1197631773,1197631773,100.00,-1,-1,1197631773,0.00,2,1197631773,1197631776,100.00,-1,-1,1197631776,0.00,2,1197631776,1197631845,100.00,-1,-1,1197631845,0.00,2,1197631845,1097908691,0.00,0.00,0.00,1517425,92.62,92.52,48,92518,5.65,5.64,
2026-04-01,21:27:00.232,1197325509,100.00,-1,-1,1197325509,0.00,2,1197325509,1197325473,100.00,-1,-1,1197325473,0.00,2,1197325473,1197325431,100.00,-1,-1,1197325431,0.00,2,1197325431,1197325395,100.00,-1,-1,1197325395,0.00,2,1197325395,1197325359,100.00,-1,-1,1197325359,0.00,2,1197325359,1197325326,100.00,-1,-1,1197325326,0.00,2,1197325326,1197325290,100.00,-1,-1,1197325290,0.00,2,1197325290,1197325251,100.00,-1,-1,1197325251,0.00,2,1197325251,1097534900,0.00,0.00,0.00,1522156,92.91,92.91,48,93465,5.70,5.70,
2026-04-01,21:27:01.232,1197513516,100.00,-1,-1,1197513516,0.00,2,1197513516,1197513555,100.00,-1,-1,1197513555,0.00,2,1197513555,1197513597,100.00,-1,-1,1197513597,0.00,2,1197513597,1197513633,100.00,-1,-1,1197513633,0.00,2,1197513633,1197513672,100.00,-1,-1,1197513672,0.00,2,1197513672,1197513711,100.00,-1,-1,1197513711,0.00,2,1197513711,1197513753,100.00,-1,-1,1197513753,0.00,2,1197513753,1197513789,100.00,-1,-1,1197513789,0.00,2,1197513789,1097917650,0.00,0.00,0.00,1520750,92.82,92.82,48,93755,5.72,5.72,
2026-04-01,21:27:02.232,1197610494,100.00,-1,-1,1197610494,0.00,2,1197610494,1197610494,100.00,-1,-1,1197610494,0.00,2,1197610494,1197610491,100.00,-1,-1,1197610491,0.00,2,1197610491,1197610497,100.00,-1,-1,1197610497,0.00,2,1197610497,1197610494,100.00,-1,-1,1197610494,0.00,2,1197610494,1197610497,100.00,-1,-1,1197610497,0.00,2,1197610497,1197610497,100.00,-1,-1,1197610497,0.00,2,1197610497,1197610506,100.00,-1,-1,1197610506,0.00,2,1197610506,1097929825,0.00,0.00,0.00,1518051,92.65,92.65,48,91545,5.59,5.59,
2026-04-01,21:27:03.231,1196218917,100.00,-1,-1,1196218917,0.00,2,1196218917,1196218917,100.00,-1,-1,1196218917,0.00,2,1196218917,1196218917,100.00,-1,-1,1196218917,0.00,2,1196218917,1196218911,100.00,-1,-1,1196218911,0.00,2,1196218911,1196218920,100.00,-1,-1,1196218920,0.00,2,1196218920,1196218899,100.00,-1,-1,1196218899,0.00,2,1196218899,1196218905,100.00,-1,-1,1196218905,0.00,2,1196218905,1196218905,100.00,-1,-1,1196218905,0.00,2,1196218905,1096639904,0.00,0.00,0.00,1516636,92.57,92.57,48,92659,5.66,5.66,
2026-04-01,21:27:04.232,1197608472,100.00,-1,-1,1197608472,0.00,2,1197608472,1197608478,100.00,-1,-1,1197608478,0.00,2,1197608478,1197608475,100.00,-1,-1,1197608475,0.00,2,1197608475,1197608475,100.00,-1,-1,1197608475,0.00,2,1197608475,1197608481,100.00,-1,-1,1197608481,0.00,2,1197608481,1197608490,100.00,-1,-1,1197608490,0.00,2,1197608490,1197608493,100.00,-1,-1,1197608493,0.00,2,1197608493,1197608487,100.00,-1,-1,1197608487,0.00,2,1197608487,1097923822,0.00,0.00,0.00,1514796,92.46,92.46,48,92593,5.65,5.65,
2026-04-01,21:27:05.233,1197362601,100.00,-1,-1,1197362601,0.00,2,1197362601,1197362601,100.00,-1,-1,1197362601,0.00,2,1197362601,1197362598,100.00,-1,-1,1197362598,0.00,2,1197362598,1197362613,100.00,-1,-1,1197362613,0.00,2,1197362613,1197362652,100.00,-1,-1,1197362652,0.00,2,1197362652,1197362649,100.00,-1,-1,1197362649,0.00,2,1197362649,1197362652,100.00,-1,-1,1197362652,0.00,2,1197362652,1197362652,100.00,-1,-1,1197362652,0.00,2,1197362652,1097653791,0.00,0.00,0.00,1518913,92.71,92.71,48,94578,5.77,5.77,
2026-04-01,21:27:06.232,1196868480,100.00,-1,-1,1196868480,0.00,2,1196868480,1196868477,100.00,-1,-1,1196868477,0.00,2,1196868477,1196868477,100.00,-1,-1,1196868477,0.00,2,1196868477,1196868471,100.00,-1,-1,1196868471,0.00,2,1196868471,1196868474,100.00,-1,-1,1196868474,0.00,2,1196868474,1196868474,100.00,-1,-1,1196868474,0.00,2,1196868474,1196868546,100.00,-1,-1,1196868546,0.00,2,1196868546,1196868546,100.00,-1,-1,1196868546,0.00,2,1196868546,1097272618,0.00,0.00,0.00,1516525,92.56,92.56,48,94469,5.77,5.77,
2026-04-01,21:27:07.233,1197514698,100.00,-1,-1,1197514698,0.00,2,1197514698,1197514698,100.00,-1,-1,1197514698,0.00,2,1197514698,1197514701,100.00,-1,-1,1197514701,0.00,2,1197514701,1197514701,100.00,-1,-1,1197514701,0.00,2,1197514701,1197514698,100.00,-1,-1,1197514698,0.00,2,1197514698,1197514704,100.00,-1,-1,1197514704,0.00,2,1197514704,1197514707,100.00,-1,-1,1197514707,0.00,2,1197514707,1197514707,100.00,-1,-1,1197514707,0.00,2,1197514707,1097780717,0.00,0.00,0.00,1522305,92.91,92.91,49,94191,5.75,5.75,
2026-04-01,21:27:08.235,1197034542,100.00,-1,-1,1197034542,0.00,2,1197034542,1197034551,100.00,-1,-1,1197034551,0.00,2,1197034551,1197034545,100.00,-1,-1,1197034545,0.00,2,1197034545,1197034548,100.00,-1,-1,1197034548,0.00,2,1197034548,1197034569,100.00,-1,-1,1197034569,0.00,2,1197034569,1197034569,100.00,-1,-1,1197034569,0.00,2,1197034569,1197034569,100.00,-1,-1,1197034569,0.00,2,1197034569,1197034593,100.00,-1,-1,1197034593,0.00,2,1197034593,1097424403,0.00,0.00,0.00,1516236,92.54,92.54,48,95381,5.82,5.82,
2026-04-01,21:27:09.232,1197535419,100.00,-1,-1,1197535419,0.00,2,1197535419,1197535416,100.00,-1,-1,1197535416,0.00,2,1197535416,1197535413,100.00,-1,-1,1197535413,0.00,2,1197535413,1197535416,100.00,-1,-1,1197535416,0.00,2,1197535416,1197535416,100.00,-1,-1,1197535416,0.00,2,1197535416,1197535407,100.00,-1,-1,1197535407,0.00,2,1197535407,1197535385,100.00,-1,-1,1197535385,0.00,2,1197535385,1197535386,100.00,-1,-1,1197535386,0.00,2,1197535386,1097847146,0.00,0.00,0.00,1519548,92.75,92.65,49,94940,5.79,5.79,
2026-04-01,21:27:10.233,1197398325,100.00,-1,-1,1197398325,0.00,2,1197398325,1197398328,100.00,-1,-1,1197398328,0.00,2,1197398328,1197398358,100.00,-1,-1,1197398358,0.00,2,1197398358,1197398361,100.00,-1,-1,1197398361,0.00,2,1197398361,1197398361,100.00,-1,-1,1197398361,0.00,2,1197398361,1197398364,100.00,-1,-1,1197398364,0.00,2,1197398364,1197398391,100.00,-1,-1,1197398391,0.00,2,1197398391,1197398388,100.00,-1,-1,1197398388,0.00,2,1197398388,1097713735,0.00,0.00,0.00,1519596,92.75,92.75,48,93768,5.72,5.72,
2026-04-01,21:27:11.234,1197558153,100.00,-1,-1,1197558153,0.00,2,1197558153,1197558150,100.00,-1,-1,1197558150,0.00,2,1197558150,1197558150,100.00,-1,-1,1197558150,0.00,2,1197558150,1197558153,100.00,-1,-1,1197558153,0.00,2,1197558153,1197558159,100.00,-1,-1,1197558159,0.00,2,1197558159,1197558147,100.00,-1,-1,1197558147,0.00,2,1197558147,1197558144,100.00,-1,-1,1197558144,0.00,2,1197558144,1197558153,100.00,-1,-1,1197558153,0.00,2,1197558153,1097886287,0.00,0.00,0.00,1528149,93.27,93.27,48,93701,5.72,5.72,
2026-04-01,21:27:12.236,1197464916,100.00,-1,-1,1197464916,0.00,2,1197464916,1197464916,100.00,-1,-1,1197464916,0.00,2,1197464916,1197465102,100.00,-1,-1,1197465102,0.00,2,1197465102,1197465081,100.00,-1,-1,1197465081,0.00,2,1197465081,1197465081,100.00,-1,-1,1197465081,0.00,2,1197465081,1197465117,100.00,-1,-1,1197465117,0.00,2,1197465117,1197465117,100.00,-1,-1,1197465117,0.00,2,1197465117,1197465111,100.00,-1,-1,1197465111,0.00,2,1197465111,1097761024,0.00,0.00,0.00,1516866,92.58,92.58,48,91814,5.60,5.60,
2026-04-01,21:27:13.233,1197395778,100.00,-1,-1,1197395778,0.00,2,1197395778,1197395781,100.00,-1,-1,1197395781,0.00,2,1197395781,1197395937,100.00,-1,-1,1197395937,0.00,2,1197395937,1197395940,100.00,-1,-1,1197395940,0.00,2,1197395940,1197395946,100.00,-1,-1,1197395946,0.00,2,1197395946,1197395946,100.00,-1,-1,1197395946,0.00,2,1197395946,1197395934,100.00,-1,-1,1197395934,0.00,2,1197395934,1197395937,100.00,-1,-1,1197395937,0.00,2,1197395937,1097721292,0.00,0.00,0.00,1514480,92.44,92.34,49,90896,5.55,5.54,
2026-04-01,21:27:14.234,1197604986,100.00,-1,-1,1197604986,0.00,2,1197604986,1197604989,100.00,-1,-1,1197604989,0.00,2,1197604989,1197604998,100.00,-1,-1,1197604998,0.00,2,1197604998,1197605034,100.00,-1,-1,1197605034,0.00,2,1197605034,1197605043,100.00,-1,-1,1197605043,0.00,2,1197605043,1197605091,100.00,-1,-1,1197605091,0.00,2,1197605091,1197605094,100.00,-1,-1,1197605094,0.00,2,1197605094,1197605094,100.00,-1,-1,1197605094,0.00,2,1197605094,1097952996,0.00,0.00,0.00,1518336,92.67,92.67,49,90704,5.54,5.54,
2026-04-01,21:27:15.234,1197592521,100.00,-1,-1,1197592521,0.00,2,1197592521,1197592479,100.00,-1,-1,1197592479,0.00,2,1197592479,1197592485,100.00,-1,-1,1197592485,0.00,2,1197592485,1197592485,100.00,-1,-1,1197592485,0.00,2,1197592485,1197592473,100.00,-1,-1,1197592473,0.00,2,1197592473,1197592479,100.00,-1,-1,1197592479,0.00,2,1197592479,1197592461,100.00,-1,-1,1197592461,0.00,2,1197592461,1197592458,100.00,-1,-1,1197592458,0.00,2,1197592458,1097866003,0.00,0.00,0.00,1524918,93.07,93.07,49,92005,5.62,5.62,
