Core Power License 0: Core cycles where the core was running with power-delivery for baseline license level 0.  This includes non-AVX codes, SSE, AVX 128-bit, and low-current AVX 256-bit codes.
Core Power License 1: Core cycles where the core was running with power-delivery for license level 1.  This includes high current AVX 256-bit instructions as well as low current AVX 512-bit instructions.
Core Power License 2: Core cycles where the core was running with power-delivery for license level 2 (introduced in Skylake Server michroarchtecture). This includes high current AVX 512-bit instructions.
,,S0,S0,S0,S0,S0,S0CH0,S0CH0,S0CH0,S0CH0,S0CH0,S0CH0,S0CH0,S0CH0,S0CH1,S0CH1,S0CH1,S0CH1,S0CH1,S0CH1,S0CH1,S0CH1,S0CH2,S0CH2,S0CH2,S0CH2,S0CH2,S0CH2,S0CH2,S0CH2,S0CH3,S0CH3,S0CH3,S0CH3,S0CH3,S0CH3,S0CH3,S0CH3,S0CH4,S0CH4,S0CH4,S0CH4,S0CH4,S0CH4,S0CH4,S0CH4,S0CH5,S0CH5,S0CH5,S0CH5,S0CH5,S0CH5,S0CH5,S0CH5,S0CH6,S0CH6,S0CH6,S0CH6,S0CH6,S0CH6,S0CH6,S0CH6,S0CH7,S0CH7,S0CH7,S0CH7,S0CH7,S0CH7,S0CH7,S0CH7,S0,S0,S0,S0,S0,S0,S0,S0,S0,S0,S0,
Date,Time,Uncore Freq(Ghz),Core Freq(Ghz),Core Power License 0(%),Core Power License 1(%),Core Power License 2(%),DRAMClocks,Rank0 CKE Off Residency(%),Rank0 CKE Off Average Cycles,Rank0 Cycles per transition,DRAMClocks,Rank1 CKE Off Residency(%),Rank1 CKE Off Average Cycles,Rank1 Cycles per transition,DRAMClocks,Rank0 CKE Off Residency(%),Rank0 CKE Off Average Cycles,Rank0 Cycles per transition,DRAMClocks,Rank1 CKE Off Residency(%),Rank1 CKE Off Average Cycles,Rank1 Cycles per transition,DRAMClocks,Rank0 CKE Off Residency(%),Rank0 CKE Off Average Cycles,Rank0 Cycles per transition,DRAMClocks,Rank1 CKE Off Residency(%),Rank1 CKE Off Average Cycles,Rank1 Cycles per transition,DRAMClocks,Rank0 CKE Off Residency(%),Rank0 CKE Off Average Cycles,Rank0 Cycles per transition,DRAMClocks,Rank1 CKE Off Residency(%),Rank1 CKE Off Average Cycles,Rank1 Cycles per transition,DRAMClocks,Rank0 CKE Off Residency(%),Rank0 CKE Off Average Cycles,Rank0 Cycles per transition,DRAMClocks,Rank1 CKE Off Residency(%),Rank1 CKE Off Average Cycles,Rank1 Cycles per transition,DRAMClocks,Rank0 CKE Off Residency(%),Rank0 CKE Off Average Cycles,Rank0 Cycles per transition,DRAMClocks,Rank1 CKE Off Residency(%),Rank1 CKE Off Average Cycles,Rank1 Cycles per transition,DRAMClocks,Rank0 CKE Off Residency(%),Rank0 CKE Off Average Cycles,Rank0 Cycles per transition,DRAMClocks,Rank1 CKE Off Residency(%),Rank1 CKE Off Average Cycles,Rank1 Cycles per transition,DRAMClocks,Rank0 CKE Off Residency(%),Rank0 CKE Off Average Cycles,Rank0 Cycles per transition,DRAMClocks,Rank1 CKE Off Residency(%),Rank1 CKE Off Average Cycles,Rank1 Cycles per transition,PCUClocks,Freq band 0 cycles(%),Freq band 1 cycles(%),Freq band 2 cycles(%),Consumed energy units,Consumed Joules,Watts,Thermal headroom below TjMax(°C),Consumed DRAM energy units,Consumed DRAM Joules,DRAM Watts,
2026-04-01,22:25:29.436,2.20,2.10,100.00,0.00,0.00,1334280976,100.00,-1,-1,1334280976,100.00,-1,-1,1334280956,100.00,-1,-1,1334280956,100.00,-1,-1,1334280936,100.00,-1,-1,1334280936,100.00,-1,-1,1334280914,100.00,-1,-1,1334280914,100.00,-1,-1,1334280900,100.00,-1,-1,1334280900,100.00,-1,-1,1334280850,100.00,-1,-1,1334280850,100.00,-1,-1,1334280826,100.00,-1,-1,1334280826,100.00,-1,-1,1334280678,100.00,-1,-1,1334280678,100.00,-1,-1,1100850705,0.00,0.00,0.00,1520139,92.78,92.69,60,702697,10.75,10.74,
2026-04-01,22:25:30.435,2.20,2.09,100.00,0.00,0.00,1333278820,100.00,-1,-1,1333278820,100.00,-1,-1,1333278844,100.00,-1,-1,1333278844,100.00,-1,-1,1333278862,100.00,-1,-1,1333278862,100.00,-1,-1,1333278882,100.00,-1,-1,1333278882,100.00,-1,-1,1333278904,100.00,-1,-1,1333278904,100.00,-1,-1,1333278884,100.00,-1,-1,1333278884,100.00,-1,-1,1333278902,100.00,-1,-1,1333278902,100.00,-1,-1,1333278922,100.00,-1,-1,1333278922,100.00,-1,-1,1100109282,0.00,0.00,0.00,1513820,92.40,92.40,60,702084,10.74,10.74,
2026-04-01,22:25:31.435,2.20,2.10,100.00,0.00,0.00,1333082430,100.00,-1,-1,1333082430,100.00,-1,-1,1333082390,100.00,-1,-1,1333082390,100.00,-1,-1,1333082284,100.00,-1,-1,1333082284,100.00,-1,-1,1333082240,100.00,-1,-1,1333082240,100.00,-1,-1,1333082160,100.00,-1,-1,1333082160,100.00,-1,-1,1333082044,100.00,-1,-1,1333082044,100.00,-1,-1,1333082000,100.00,-1,-1,1333082000,100.00,-1,-1,1333081954,100.00,-1,-1,1333081954,100.00,-1,-1,1099826951,0.00,0.00,0.00,1500967,91.61,91.61,59,698159,10.68,10.68,
2026-04-01,22:25:32.438,2.20,2.09,100.00,0.00,0.00,1334434008,100.00,-1,-1,1334434008,100.00,-1,-1,1334434050,100.00,-1,-1,1334434050,100.00,-1,-1,1334434072,100.00,-1,-1,1334434072,100.00,-1,-1,1334434108,100.00,-1,-1,1334434108,100.00,-1,-1,1334434118,100.00,-1,-1,1334434118,100.00,-1,-1,1334434146,100.00,-1,-1,1334434146,100.00,-1,-1,1334434256,100.00,-1,-1,1334434256,100.00,-1,-1,1334434238,100.00,-1,-1,1334434238,100.00,-1,-1,1101098149,0.00,0.00,0.00,1518196,92.66,92.57,60,700537,10.72,10.71,
2026-04-01,22:25:33.436,2.20,2.09,100.00,0.00,0.00,1333064164,100.00,-1,-1,1333064164,100.00,-1,-1,1333064164,100.00,-1,-1,1333064164,100.00,-1,-1,1333064162,100.00,-1,-1,1333064162,100.00,-1,-1,1333064160,100.00,-1,-1,1333064160,100.00,-1,-1,1333064160,100.00,-1,-1,1333064160,100.00,-1,-1,1333064160,100.00,-1,-1,1333064160,100.00,-1,-1,1333064160,100.00,-1,-1,1333064160,100.00,-1,-1,1333064160,100.00,-1,-1,1333064160,100.00,-1,-1,1099901841,0.00,0.00,0.00,1513691,92.39,92.48,60,699690,10.71,10.72,
2026-04-01,22:25:34.437,2.20,2.09,100.00,0.00,0.00,1333246090,100.00,-1,-1,1333246090,100.00,-1,-1,1333246090,100.00,-1,-1,1333246090,100.00,-1,-1,1333246094,100.00,-1,-1,1333246094,100.00,-1,-1,1333246096,100.00,-1,-1,1333246096,100.00,-1,-1,1333246072,100.00,-1,-1,1333246072,100.00,-1,-1,1333246076,100.00,-1,-1,1333246076,100.00,-1,-1,1333245984,100.00,-1,-1,1333245984,100.00,-1,-1,1333245990,100.00,-1,-1,1333245990,100.00,-1,-1,1100049635,0.00,0.00,0.00,1519495,92.74,92.74,61,703284,10.76,10.76,
2026-04-01,22:25:35.438,2.20,2.11,100.00,0.00,0.00,1332319506,100.00,-1,-1,1332319506,100.00,-1,-1,1332319504,100.00,-1,-1,1332319504,100.00,-1,-1,1332319510,100.00,-1,-1,1332319510,100.00,-1,-1,1332319516,100.00,-1,-1,1332319516,100.00,-1,-1,1332319518,100.00,-1,-1,1332319518,100.00,-1,-1,1332319580,100.00,-1,-1,1332319580,100.00,-1,-1,1332319654,100.00,-1,-1,1332319654,100.00,-1,-1,1332319584,100.00,-1,-1,1332319584,100.00,-1,-1,1099299086,0.00,0.00,0.00,1517643,92.63,92.63,60,702586,10.75,10.75,
2026-04-01,22:25:36.436,2.20,2.11,100.00,0.00,0.00,1333901084,100.00,-1,-1,1333901084,100.00,-1,-1,1333901080,100.00,-1,-1,1333901080,100.00,-1,-1,1333901080,100.00,-1,-1,1333901080,100.00,-1,-1,1333901076,100.00,-1,-1,1333901076,100.00,-1,-1,1333901074,100.00,-1,-1,1333901074,100.00,-1,-1,1333900994,100.00,-1,-1,1333900994,100.00,-1,-1,1333900990,100.00,-1,-1,1333900990,100.00,-1,-1,1333901094,100.00,-1,-1,1333901094,100.00,-1,-1,1100585365,0.00,0.00,0.00,1516589,92.57,92.57,61,705430,10.79,10.79,
2026-04-01,22:25:37.436,2.20,2.11,100.00,0.00,0.00,1333449894,100.00,-1,-1,1333449894,100.00,-1,-1,1333449900,100.00,-1,-1,1333449900,100.00,-1,-1,1333449906,100.00,-1,-1,1333449906,100.00,-1,-1,1333449906,100.00,-1,-1,1333449906,100.00,-1,-1,1333449902,100.00,-1,-1,1333449902,100.00,-1,-1,1333449908,100.00,-1,-1,1333449908,100.00,-1,-1,1333449906,100.00,-1,-1,1333449906,100.00,-1,-1,1333449964,100.00,-1,-1,1333449964,100.00,-1,-1,1100233241,0.00,0.00,0.00,1516373,92.55,92.46,60,702949,10.76,10.74,
2026-04-01,22:25:38.438,2.20,2.10,100.00,0.00,0.00,1333294544,100.00,-1,-1,1333294544,100.00,-1,-1,1333294596,100.00,-1,-1,1333294596,100.00,-1,-1,1333294590,100.00,-1,-1,1333294590,100.00,-1,-1,1333294588,100.00,-1,-1,1333294588,100.00,-1,-1,1333294592,100.00,-1,-1,1333294592,100.00,-1,-1,1333294550,100.00,-1,-1,1333294550,100.00,-1,-1,1333294550,100.00,-1,-1,1333294550,100.00,-1,-1,1333294452,100.00,-1,-1,1333294452,100.00,-1,-1,1100095807,0.00,0.00,0.00,1520211,92.79,92.79,60,703317,10.76,10.76,
2026-04-01,22:25:39.438,2.20,2.10,100.00,0.00,0.00,1334115080,100.00,-1,-1,1334115080,100.00,-1,-1,1334115080,100.00,-1,-1,1334115080,100.00,-1,-1,1334115080,100.00,-1,-1,1334115080,100.00,-1,-1,1334115054,100.00,-1,-1,1334115054,100.00,-1,-1,1334115028,100.00,-1,-1,1334115028,100.00,-1,-1,1334114934,100.00,-1,-1,1334114934,100.00,-1,-1,1334114856,100.00,-1,-1,1334114856,100.00,-1,-1,1334114852,100.00,-1,-1,1334114852,100.00,-1,-1,1100755637,0.00,0.00,0.00,1522786,92.94,92.94,61,704688,10.78,10.78,
2026-04-01,22:25:40.440,2.20,2.10,100.00,0.00,0.00,1333171810,100.00,-1,-1,1333171810,100.00,-1,-1,1333171810,100.00,-1,-1,1333171810,100.00,-1,-1,1333171812,100.00,-1,-1,1333171812,100.00,-1,-1,1333171808,100.00,-1,-1,1333171808,100.00,-1,-1,1333171810,100.00,-1,-1,1333171810,100.00,-1,-1,1333171806,100.00,-1,-1,1333171806,100.00,-1,-1,1333171808,100.00,-1,-1,1333171808,100.00,-1,-1,1333171808,100.00,-1,-1,1333171808,100.00,-1,-1,1100005756,0.00,0.00,0.00,1513211,92.36,92.36,60,703948,10.77,10.77,
2026-04-01,22:25:41.437,2.20,2.10,100.00,0.00,0.00,1333349272,100.00,-1,-1,1333349272,100.00,-1,-1,1333349270,100.00,-1,-1,1333349270,100.00,-1,-1,1333349266,100.00,-1,-1,1333349266,100.00,-1,-1,1333349266,100.00,-1,-1,1333349266,100.00,-1,-1,1333349272,100.00,-1,-1,1333349272,100.00,-1,-1,1333349356,100.00,-1,-1,1333349356,100.00,-1,-1,1333349298,100.00,-1,-1,1333349298,100.00,-1,-1,1333349302,100.00,-1,-1,1333349302,100.00,-1,-1,1100130264,0.00,0.00,0.00,1519102,92.72,92.72,59,702877,10.75,10.75,
2026-04-01,22:25:42.437,2.20,2.10,100.00,0.00,0.00,1333282764,100.00,-1,-1,1333282764,100.00,-1,-1,1333282814,100.00,-1,-1,1333282814,100.00,-1,-1,1333282814,100.00,-1,-1,1333282814,100.00,-1,-1,1333282812,100.00,-1,-1,1333282812,100.00,-1,-1,1333282878,100.00,-1,-1,1333282878,100.00,-1,-1,1333282874,100.00,-1,-1,1333282874,100.00,-1,-1,1333282808,100.00,-1,-1,1333282808,100.00,-1,-1,1333282888,100.00,-1,-1,1333282888,100.00,-1,-1,1100080430,0.00,0.00,0.00,1498614,91.47,91.38,59,699628,10.70,10.69,
2026-04-01,22:25:43.439,2.20,2.12,100.00,0.00,0.00,1333327812,100.00,-1,-1,1333327812,100.00,-1,-1,1333327810,100.00,-1,-1,1333327810,100.00,-1,-1,1333327808,100.00,-1,-1,1333327808,100.00,-1,-1,1333327812,100.00,-1,-1,1333327812,100.00,-1,-1,1333327810,100.00,-1,-1,1333327810,100.00,-1,-1,1333327816,100.00,-1,-1,1333327816,100.00,-1,-1,1333327754,100.00,-1,-1,1333327754,100.00,-1,-1,1333327756,100.00,-1,-1,1333327756,100.00,-1,-1,1100130264,0.00,0.00,0.00,1517591,92.63,92.63,60,701554,10.73,10.73,
2026-04-01,22:25:44.438,2.20,2.11,100.00,0.00,0.00,1333685052,100.00,-1,-1,1333685052,100.00,-1,-1,1333685054,100.00,-1,-1,1333685054,100.00,-1,-1,1333685030,100.00,-1,-1,1333685030,100.00,-1,-1,1333685030,100.00,-1,-1,1333685030,100.00,-1,-1,1333685040,100.00,-1,-1,1333685040,100.00,-1,-1,1333685018,100.00,-1,-1,1333685018,100.00,-1,-1,1333685064,100.00,-1,-1,1333685064,100.00,-1,-1,1333685064,100.00,-1,-1,1333685064,100.00,-1,-1,1100405609,0.00,0.00,0.00,1514474,92.44,92.44,60,702310,10.75,10.75,
2026-04-01,22:25:45.439,2.20,2.09,100.00,0.00,0.00,1333441968,100.00,-1,-1,1333441968,100.00,-1,-1,1333441892,100.00,-1,-1,1333441892,100.00,-1,-1,1333441844,100.00,-1,-1,1333441844,100.00,-1,-1,1333441850,100.00,-1,-1,1333441850,100.00,-1,-1,1333441850,100.00,-1,-1,1333441850,100.00,-1,-1,1333441814,100.00,-1,-1,1333441814,100.00,-1,-1,1333441814,100.00,-1,-1,1333441814,100.00,-1,-1,1333441760,100.00,-1,-1,1333441760,100.00,-1,-1,1100213007,0.00,0.00,0.00,1507985,92.04,92.04,61,701712,10.74,10.74,
2026-04-01,22:25:46.438,2.20,2.14,100.00,0.00,0.00,1333233914,100.00,-1,-1,1333233914,100.00,-1,-1,1333233904,100.00,-1,-1,1333233904,100.00,-1,-1,1333233834,100.00,-1,-1,1333233834,100.00,-1,-1,1333233802,100.00,-1,-1,1333233802,100.00,-1,-1,1333233800,100.00,-1,-1,1333233800,100.00,-1,-1,1333233800,100.00,-1,-1,1333233800,100.00,-1,-1,1333233798,100.00,-1,-1,1333233798,100.00,-1,-1,1333233804,100.00,-1,-1,1333233804,100.00,-1,-1,1100040931,0.00,0.00,0.00,1511018,92.23,92.23,60,701330,10.73,10.73,
2026-04-01,22:25:47.438,2.20,2.16,100.00,0.00,0.00,1333323844,100.00,-1,-1,1333323844,100.00,-1,-1,1333323844,100.00,-1,-1,1333323844,100.00,-1,-1,1333323842,100.00,-1,-1,1333323842,100.00,-1,-1,1333323840,100.00,-1,-1,1333323840,100.00,-1,-1,1333323840,100.00,-1,-1,1333323840,100.00,-1,-1,1333323842,100.00,-1,-1,1333323842,100.00,-1,-1,1333323838,100.00,-1,-1,1333323838,100.00,-1,-1,1333323840,100.00,-1,-1,1333323840,100.00,-1,-1,1100118186,0.00,0.00,0.00,1513685,92.39,92.39,59,699775,10.71,10.71,
2026-04-01,22:25:48.439,2.20,2.13,100.00,0.00,0.00,1333341484,100.00,-1,-1,1333341484,100.00,-1,-1,1333341486,100.00,-1,-1,1333341486,100.00,-1,-1,1333341484,100.00,-1,-1,1333341484,100.00,-1,-1,1333341484,100.00,-1,-1,1333341484,100.00,-1,-1,1333341486,100.00,-1,-1,1333341486,100.00,-1,-1,1333341482,100.00,-1,-1,1333341482,100.00,-1,-1,1333341484,100.00,-1,-1,1333341484,100.00,-1,-1,1333341490,100.00,-1,-1,1333341490,100.00,-1,-1,1100140916,0.00,0.00,0.00,1517576,92.63,92.63,59,700288,10.71,10.71,
2026-04-01,22:25:49.441,2.20,2.13,100.00,0.00,0.00,1332896370,100.00,-1,-1,1332896370,100.00,-1,-1,1332896370,100.00,-1,-1,1332896370,100.00,-1,-1,1332896370,100.00,-1,-1,1332896370,100.00,-1,-1,1332896380,100.00,-1,-1,1332896380,100.00,-1,-1,1332896382,100.00,-1,-1,1332896382,100.00,-1,-1,1332896390,100.00,-1,-1,1332896390,100.00,-1,-1,1332896430,100.00,-1,-1,1332896430,100.00,-1,-1,1332896430,100.00,-1,-1,1332896430,100.00,-1,-1,1099755720,0.00,0.00,0.00,1518368,92.67,92.67,59,700363,10.72,10.72,
2026-04-01,22:25:50.438,2.20,2.12,100.00,0.00,0.00,1333134252,100.00,-1,-1,1333134252,100.00,-1,-1,1333134256,100.00,-1,-1,1333134256,100.00,-1,-1,1333134260,100.00,-1,-1,1333134260,100.00,-1,-1,1333134256,100.00,-1,-1,1333134256,100.00,-1,-1,1333134270,100.00,-1,-1,1333134270,100.00,-1,-1,1333134334,100.00,-1,-1,1333134334,100.00,-1,-1,1333134450,100.00,-1,-1,1333134450,100.00,-1,-1,1333134502,100.00,-1,-1,1333134502,100.00,-1,-1,1099995900,0.00,0.00,0.00,1515180,92.48,92.48,60,701092,10.73,10.73,
2026-04-01,22:25:51.438,2.20,2.13,100.00,0.00,0.00,1333357200,100.00,-1,-1,1333357200,100.00,-1,-1,1333357200,100.00,-1,-1,1333357200,100.00,-1,-1,1333357200,100.00,-1,-1,1333357200,100.00,-1,-1,1333357200,100.00,-1,-1,1333357200,100.00,-1,-1,1333357206,100.00,-1,-1,1333357206,100.00,-1,-1,1333357226,100.00,-1,-1,1333357226,100.00,-1,-1,1333357226,100.00,-1,-1,1333357226,100.00,-1,-1,1333357226,100.00,-1,-1,1333357226,100.00,-1,-1,1100116933,0.00,0.00,0.00,1515576,92.50,92.50,60,700025,10.71,10.71,
2026-04-01,22:25:52.438,2.20,2.13,100.00,0.00,0.00,1333322006,100.00,-1,-1,1333322006,100.00,-1,-1,1333322016,100.00,-1,-1,1333322016,100.00,-1,-1,1333322044,100.00,-1,-1,1333322044,100.00,-1,-1,1333322086,100.00,-1,-1,1333322086,100.00,-1,-1,1333322134,100.00,-1,-1,1333322134,100.00,-1,-1,1333322134,100.00,-1,-1,1333322134,100.00,-1,-1,1333322134,100.00,-1,-1,1333322134,100.00,-1,-1,1333322138,100.00,-1,-1,1333322138,100.00,-1,-1,1100110605,0.00,0.00,0.00,1514730,92.45,92.45,60,698949,10.69,10.69,
2026-04-01,22:25:53.438,2.20,2.10,100.00,0.00,0.00,1332092266,100.00,-1,-1,1332092266,100.00,-1,-1,1332092266,100.00,-1,-1,1332092266,100.00,-1,-1,1332092260,100.00,-1,-1,1332092260,100.00,-1,-1,1332092260,100.00,-1,-1,1332092260,100.00,-1,-1,1332092264,100.00,-1,-1,1332092264,100.00,-1,-1,1332092266,100.00,-1,-1,1332092266,100.00,-1,-1,1332092198,100.00,-1,-1,1332092198,100.00,-1,-1,1332092200,100.00,-1,-1,1332092200,100.00,-1,-1,1099111219,0.00,0.00,0.00,1504071,91.80,91.80,59,697740,10.68,10.68,
2026-04-01,22:25:54.438,2.20,2.11,100.00,0.00,0.00,1333426644,100.00,-1,-1,1333426644,100.00,-1,-1,1333426570,100.00,-1,-1,1333426570,100.00,-1,-1,1333426560,100.00,-1,-1,1333426560,100.00,-1,-1,1333426564,100.00,-1,-1,1333426564,100.00,-1,-1,1333426570,100.00,-1,-1,1333426570,100.00,-1,-1,1333426580,100.00,-1,-1,1333426580,100.00,-1,-1,1333426564,100.00,-1,-1,1333426564,100.00,-1,-1,1333426564,100.00,-1,-1,1333426564,100.00,-1,-1,1100188100,0.00,0.00,0.00,1503935,91.79,91.79,60,698820,10.69,10.69,
2026-04-01,22:25:55.440,2.20,2.13,100.00,0.00,0.00,1333217674,100.00,-1,-1,1333217674,100.00,-1,-1,1333217672,100.00,-1,-1,1333217672,100.00,-1,-1,1333217552,100.00,-1,-1,1333217552,100.00,-1,-1,1333217548,100.00,-1,-1,1333217548,100.00,-1,-1,1333217540,100.00,-1,-1,1333217540,100.00,-1,-1,1333217594,100.00,-1,-1,1333217594,100.00,-1,-1,1333217592,100.00,-1,-1,1333217592,100.00,-1,-1,1333217590,100.00,-1,-1,1333217590,100.00,-1,-1,1100027819,0.00,0.00,0.00,1513516,92.38,92.38,61,699584,10.70,10.70,
2026-04-01,22:25:56.438,2.20,2.12,100.00,0.00,0.00,1333596598,100.00,-1,-1,1333596598,100.00,-1,-1,1333596596,100.00,-1,-1,1333596596,100.00,-1,-1,1333596594,100.00,-1,-1,1333596594,100.00,-1,-1,1333596592,100.00,-1,-1,1333596592,100.00,-1,-1,1333596620,100.00,-1,-1,1333596620,100.00,-1,-1,1333596624,100.00,-1,-1,1333596624,100.00,-1,-1,1333596622,100.00,-1,-1,1333596622,100.00,-1,-1,1333596616,100.00,-1,-1,1333596616,100.00,-1,-1,1100343681,0.00,0.00,0.00,1510060,92.17,92.17,61,701203,10.73,10.73,
2026-04-01,22:25:57.439,2.20,2.14,100.00,0.00,0.00,1333630632,100.00,-1,-1,1333630632,100.00,-1,-1,1333630626,100.00,-1,-1,1333630626,100.00,-1,-1,1333630626,100.00,-1,-1,1333630626,100.00,-1,-1,1333630626,100.00,-1,-1,1333630626,100.00,-1,-1,1333630648,100.00,-1,-1,1333630648,100.00,-1,-1,1333630644,100.00,-1,-1,1333630644,100.00,-1,-1,1333630644,100.00,-1,-1,1333630644,100.00,-1,-1,1333630640,100.00,-1,-1,1333630640,100.00,-1,-1,1100375592,0.00,0.00,0.00,1516105,92.54,92.44,59,702865,10.75,10.74,
2026-04-01,22:25:58.441,2.20,2.13,100.00,0.00,0.00,1334643544,100.00,-1,-1,1334643544,100.00,-1,-1,1334643550,100.00,-1,-1,1334643550,100.00,-1,-1,1334643620,100.00,-1,-1,1334643620,100.00,-1,-1,1334643622,100.00,-1,-1,1334643622,100.00,-1,-1,1334643614,100.00,-1,-1,1334643614,100.00,-1,-1,1334643618,100.00,-1,-1,1334643618,100.00,-1,-1,1334643686,100.00,-1,-1,1334643686,100.00,-1,-1,1334643770,100.00,-1,-1,1334643770,100.00,-1,-1,1101218234,0.00,0.00,0.00,1511692,92.27,92.17,60,701733,10.74,10.73,
2026-04-01,22:25:59.440,2.20,2.12,100.00,0.00,0.00,1333899756,100.00,-1,-1,1333899756,100.00,-1,-1,1333899760,100.00,-1,-1,1333899760,100.00,-1,-1,1333899760,100.00,-1,-1,1333899760,100.00,-1,-1,1333899756,100.00,-1,-1,1333899756,100.00,-1,-1,1333899754,100.00,-1,-1,1333899754,100.00,-1,-1,1333899754,100.00,-1,-1,1333899754,100.00,-1,-1,1333899658,100.00,-1,-1,1333899658,100.00,-1,-1,1333899614,100.00,-1,-1,1333899614,100.00,-1,-1,1100573793,0.00,0.00,0.00,1515505,92.50,92.50,60,700998,10.73,10.73,
2026-04-01,22:26:00.440,2.20,2.12,100.00,0.00,0.00,1333378594,100.00,-1,-1,1333378594,100.00,-1,-1,1333378596,100.00,-1,-1,1333378596,100.00,-1,-1,1333378598,100.00,-1,-1,1333378598,100.00,-1,-1,1333378600,100.00,-1,-1,1333378600,100.00,-1,-1,1333378666,100.00,-1,-1,1333378666,100.00,-1,-1,1333378620,100.00,-1,-1,1333378620,100.00,-1,-1,1333378528,100.00,-1,-1,1333378528,100.00,-1,-1,1333378530,100.00,-1,-1,1333378530,100.00,-1,-1,1100171223,0.00,0.00,0.00,1515674,92.51,92.51,60,700263,10.71,10.71,
2026-04-01,22:26:01.441,2.20,2.12,100.00,0.00,0.00,1333383118,100.00,-1,-1,1333383118,100.00,-1,-1,1333383120,100.00,-1,-1,1333383120,100.00,-1,-1,1333383126,100.00,-1,-1,1333383126,100.00,-1,-1,1333383128,100.00,-1,-1,1333383128,100.00,-1,-1,1333383130,100.00,-1,-1,1333383130,100.00,-1,-1,1333383132,100.00,-1,-1,1333383132,100.00,-1,-1,1333383136,100.00,-1,-1,1333383136,100.00,-1,-1,1333383216,100.00,-1,-1,1333383216,100.00,-1,-1,1100177598,0.00,0.00,0.00,1511251,92.24,92.24,59,697835,10.68,10.68,
2026-04-01,22:26:02.441,2.20,2.11,100.00,0.00,0.00,1333389806,100.00,-1,-1,1333389806,100.00,-1,-1,1333389804,100.00,-1,-1,1333389804,100.00,-1,-1,1333389762,100.00,-1,-1,1333389762,100.00,-1,-1,1333389752,100.00,-1,-1,1333389752,100.00,-1,-1,1333389752,100.00,-1,-1,1333389752,100.00,-1,-1,1333389712,100.00,-1,-1,1333389712,100.00,-1,-1,1333389714,100.00,-1,-1,1333389714,100.00,-1,-1,1333389716,100.00,-1,-1,1333389716,100.00,-1,-1,1100168484,0.00,0.00,0.00,1518252,92.67,92.57,60,702346,10.75,10.74,
2026-04-01,22:26:03.442,2.20,2.12,100.00,0.00,0.00,1333614440,100.00,-1,-1,1333614440,100.00,-1,-1,1333614440,100.00,-1,-1,1333614440,100.00,-1,-1,1333614438,100.00,-1,-1,1333614438,100.00,-1,-1,1333614440,100.00,-1,-1,1333614440,100.00,-1,-1,1333614462,100.00,-1,-1,1333614462,100.00,-1,-1,1333614380,100.00,-1,-1,1333614380,100.00,-1,-1,1333614380,100.00,-1,-1,1333614380,100.00,-1,-1,1333614270,100.00,-1,-1,1333614270,100.00,-1,-1,1100356672,0.00,0.00,0.00,1514860,92.46,92.46,60,700366,10.72,10.72,
2026-04-01,22:26:04.443,2.20,2.12,100.00,0.00,0.00,1333390390,100.00,-1,-1,1333390390,100.00,-1,-1,1333390390,100.00,-1,-1,1333390390,100.00,-1,-1,1333390390,100.00,-1,-1,1333390390,100.00,-1,-1,1333390384,100.00,-1,-1,1333390384,100.00,-1,-1,1333390388,100.00,-1,-1,1333390388,100.00,-1,-1,1333390368,100.00,-1,-1,1333390368,100.00,-1,-1,1333390370,100.00,-1,-1,1333390370,100.00,-1,-1,1333390376,100.00,-1,-1,1333390376,100.00,-1,-1,1100168168,0.00,0.00,0.00,1512357,92.31,92.31,60,698103,10.68,10.68,
2026-04-01,22:26:05.441,2.20,2.13,100.00,0.00,0.00,1333180036,100.00,-1,-1,1333180036,100.00,-1,-1,1333180034,100.00,-1,-1,1333180034,100.00,-1,-1,1333180062,100.00,-1,-1,1333180062,100.00,-1,-1,1333180052,100.00,-1,-1,1333180052,100.00,-1,-1,1333180098,100.00,-1,-1,1333180098,100.00,-1,-1,1333180020,100.00,-1,-1,1333180020,100.00,-1,-1,1333180084,100.00,-1,-1,1333180084,100.00,-1,-1,1333180314,100.00,-1,-1,1333180314,100.00,-1,-1,1100010316,0.00,0.00,0.00,1506054,91.92,91.92,61,700018,10.71,10.71,
2026-04-01,22:26:06.442,2.20,2.12,99.99,0.01,0.00,1333451230,100.00,-1,-1,1333451230,100.00,-1,-1,1333451226,100.00,-1,-1,1333451226,100.00,-1,-1,1333451242,100.00,-1,-1,1333451242,100.00,-1,-1,1333451260,100.00,-1,-1,1333451260,100.00,-1,-1,1333451258,100.00,-1,-1,1333451258,100.00,-1,-1,1333451396,100.00,-1,-1,1333451396,100.00,-1,-1,1333451404,100.00,-1,-1,1333451404,100.00,-1,-1,1333451400,100.00,-1,-1,1333451400,100.00,-1,-1,1100214117,0.00,0.00,0.00,1515284,92.49,92.49,61,701990,10.74,10.74,
2026-04-01,22:26:07.441,2.20,2.11,100.00,0.00,0.00,1332885454,100.00,-1,-1,1332885454,100.00,-1,-1,1332885454,100.00,-1,-1,1332885454,100.00,-1,-1,1332885460,100.00,-1,-1,1332885460,100.00,-1,-1,1332885438,100.00,-1,-1,1332885438,100.00,-1,-1,1332885410,100.00,-1,-1,1332885410,100.00,-1,-1,1332885410,100.00,-1,-1,1332885410,100.00,-1,-1,1332885410,100.00,-1,-1,1332885410,100.00,-1,-1,1332885418,100.00,-1,-1,1332885418,100.00,-1,-1,1099753683,0.00,0.00,0.00,1512186,92.30,92.30,61,700055,10.71,10.71,
2026-04-01,22:26:08.441,2.20,2.11,100.00,0.00,0.00,1333388806,100.00,-1,-1,1333388806,100.00,-1,-1,1333388806,100.00,-1,-1,1333388806,100.00,-1,-1,1333388848,100.00,-1,-1,1333388848,100.00,-1,-1,1333388852,100.00,-1,-1,1333388852,100.00,-1,-1,1333388854,100.00,-1,-1,1333388854,100.00,-1,-1,1333388868,100.00,-1,-1,1333388868,100.00,-1,-1,1333388866,100.00,-1,-1,1333388866,100.00,-1,-1,1333388866,100.00,-1,-1,1333388866,100.00,-1,-1,1100171732,0.00,0.00,0.00,1516171,92.54,92.54,61,701657,10.74,10.74,
2026-04-01,22:26:09.443,2.20,2.10,100.00,0.00,0.00,1333337150,100.00,-1,-1,1333337150,100.00,-1,-1,1333337020,100.00,-1,-1,1333337020,100.00,-1,-1,1333337026,100.00,-1,-1,1333337026,100.00,-1,-1,1333336980,100.00,-1,-1,1333336980,100.00,-1,-1,1333336970,100.00,-1,-1,1333336970,100.00,-1,-1,1333336968,100.00,-1,-1,1333336968,100.00,-1,-1,1333337060,100.00,-1,-1,1333337060,100.00,-1,-1,1333337060,100.00,-1,-1,1333337060,100.00,-1,-1,1100141127,0.00,0.00,0.00,1514074,92.41,92.41,60,702322,10.75,10.75,
2026-04-01,22:26:10.441,2.20,2.11,100.00,0.00,0.00,1332758670,100.00,-1,-1,1332758670,100.00,-1,-1,1332758670,100.00,-1,-1,1332758670,100.00,-1,-1,1332758668,100.00,-1,-1,1332758668,100.00,-1,-1,1332758668,100.00,-1,-1,1332758668,100.00,-1,-1,1332758676,100.00,-1,-1,1332758676,100.00,-1,-1,1332758716,100.00,-1,-1,1332758716,100.00,-1,-1,1332758712,100.00,-1,-1,1332758712,100.00,-1,-1,1332758690,100.00,-1,-1,1332758690,100.00,-1,-1,1099636007,0.00,0.00,0.00,1519837,92.76,92.76,60,703398,10.76,10.76,
2026-04-01,22:26:11.441,2.20,2.13,100.00,0.00,0.00,1333265684,100.00,-1,-1,1333265684,100.00,-1,-1,1333265688,100.00,-1,-1,1333265688,100.00,-1,-1,1333265692,100.00,-1,-1,1333265692,100.00,-1,-1,1333265688,100.00,-1,-1,1333265688,100.00,-1,-1,1333265690,100.00,-1,-1,1333265690,100.00,-1,-1,1333265776,100.00,-1,-1,1333265776,100.00,-1,-1,1333265834,100.00,-1,-1,1333265834,100.00,-1,-1,1333265752,100.00,-1,-1,1333265752,100.00,-1,-1,1100070150,0.00,0.00,0.00,1515585,92.50,92.50,59,704026,10.77,10.77,
2026-04-01,22:26:12.441,2.20,2.14,100.00,0.00,0.00,1333312366,100.00,-1,-1,1333312366,100.00,-1,-1,1333312370,100.00,-1,-1,1333312370,100.00,-1,-1,1333312388,100.00,-1,-1,1333312388,100.00,-1,-1,1333312388,100.00,-1,-1,1333312388,100.00,-1,-1,1333312392,100.00,-1,-1,1333312392,100.00,-1,-1,1333312404,100.00,-1,-1,1333312404,100.00,-1,-1,1333312406,100.00,-1,-1,1333312406,100.00,-1,-1,1333312400,100.00,-1,-1,1333312400,100.00,-1,-1,1100108009,0.00,0.00,0.00,1509213,92.12,92.12,61,704480,10.78,10.78,
2026-04-01,22:26:13.441,2.20,2.12,100.00,0.00,0.00,1333272794,100.00,-1,-1,1333272794,100.00,-1,-1,1333272794,100.00,-1,-1,1333272794,100.00,-1,-1,1333272798,100.00,-1,-1,1333272798,100.00,-1,-1,1333272796,100.00,-1,-1,1333272796,100.00,-1,-1,1333272794,100.00,-1,-1,1333272794,100.00,-1,-1,1333272790,100.00,-1,-1,1333272790,100.00,-1,-1,1333272790,100.00,-1,-1,1333272790,100.00,-1,-1,1333272786,100.00,-1,-1,1333272786,100.00,-1,-1,1100072388,0.00,0.00,0.00,1512746,92.33,92.33,61,705710,10.80,10.80,
2026-04-01,22:26:14.442,2.20,2.16,100.00,0.00,0.00,1333570644,100.00,-1,-1,1333570644,100.00,-1,-1,1333570648,100.00,-1,-1,1333570648,100.00,-1,-1,1333570650,100.00,-1,-1,1333570650,100.00,-1,-1,1333570650,100.00,-1,-1,1333570650,100.00,-1,-1,1333570648,100.00,-1,-1,1333570648,100.00,-1,-1,1333570644,100.00,-1,-1,1333570644,100.00,-1,-1,1333570644,100.00,-1,-1,1333570644,100.00,-1,-1,1333570644,100.00,-1,-1,1333570644,100.00,-1,-1,1100334312,0.00,0.00,0.00,1518381,92.67,92.58,61,705591,10.80,10.78,
2026-04-01,22:26:15.442,2.20,2.16,100.00,0.00,0.00,1333334654,100.00,-1,-1,1333334654,100.00,-1,-1,1333334660,100.00,-1,-1,1333334660,100.00,-1,-1,1333334662,100.00,-1,-1,1333334662,100.00,-1,-1,1333334662,100.00,-1,-1,1333334662,100.00,-1,-1,1333334660,100.00,-1,-1,1333334660,100.00,-1,-1,1333334664,100.00,-1,-1,1333334664,100.00,-1,-1,1333334752,100.00,-1,-1,1333334752,100.00,-1,-1,1333334830,100.00,-1,-1,1333334830,100.00,-1,-1,1100124713,0.00,0.00,0.00,1511089,92.23,92.23,61,705999,10.80,10.80,
2026-04-01,22:26:16.442,2.20,2.15,100.00,0.00,0.00,1333289570,100.00,-1,-1,1333289570,100.00,-1,-1,1333289526,100.00,-1,-1,1333289526,100.00,-1,-1,1333289526,100.00,-1,-1,1333289526,100.00,-1,-1,1333289532,100.00,-1,-1,1333289532,100.00,-1,-1,1333289510,100.00,-1,-1,1333289510,100.00,-1,-1,1333289512,100.00,-1,-1,1333289512,100.00,-1,-1,1333289514,100.00,-1,-1,1333289514,100.00,-1,-1,1333289510,100.00,-1,-1,1333289510,100.00,-1,-1,1100098674,0.00,0.00,0.00,1515111,92.48,92.48,59,706503,10.81,10.81,
2026-04-01,22:26:17.442,2.20,2.15,100.00,0.00,0.00,1333251682,100.00,-1,-1,1333251682,100.00,-1,-1,1333251680,100.00,-1,-1,1333251680,100.00,-1,-1,1333251684,100.00,-1,-1,1333251684,100.00,-1,-1,1333251684,100.00,-1,-1,1333251684,100.00,-1,-1,1333251682,100.00,-1,-1,1333251682,100.00,-1,-1,1333251684,100.00,-1,-1,1333251684,100.00,-1,-1,1333251658,100.00,-1,-1,1333251658,100.00,-1,-1,1333251580,100.00,-1,-1,1333251580,100.00,-1,-1,1100061722,0.00,0.00,0.00,1502349,91.70,91.70,60,702366,10.75,10.75,
2026-04-01,22:26:18.445,2.20,2.11,100.00,0.00,0.00,1333572310,100.00,-1,-1,1333572310,100.00,-1,-1,1333572354,100.00,-1,-1,1333572354,100.00,-1,-1,1333572386,100.00,-1,-1,1333572386,100.00,-1,-1,1333572390,100.00,-1,-1,1333572390,100.00,-1,-1,1333572376,100.00,-1,-1,1333572376,100.00,-1,-1,1333572380,100.00,-1,-1,1333572380,100.00,-1,-1,1333572376,100.00,-1,-1,1333572376,100.00,-1,-1,1333572374,100.00,-1,-1,1333572374,100.00,-1,-1,1100310717,0.00,0.00,0.00,1518560,92.69,92.69,61,703681,10.77,10.77,
2026-04-01,22:26:19.443,2.20,2.11,100.00,0.00,0.00,1332956094,100.00,-1,-1,1332956094,100.00,-1,-1,1332955968,100.00,-1,-1,1332955968,100.00,-1,-1,1332955968,100.00,-1,-1,1332955968,100.00,-1,-1,1332955980,100.00,-1,-1,1332955980,100.00,-1,-1,1332955976,100.00,-1,-1,1332955976,100.00,-1,-1,1332956050,100.00,-1,-1,1332956050,100.00,-1,-1,1332956000,100.00,-1,-1,1332956000,100.00,-1,-1,1332955950,100.00,-1,-1,1332955950,100.00,-1,-1,1099817475,0.00,0.00,0.00,1515698,92.51,92.51,60,702515,10.75,10.75,
2026-04-01,22:26:20.442,2.20,2.11,100.00,0.00,0.00,1333161870,100.00,-1,-1,1333161870,100.00,-1,-1,1333161874,100.00,-1,-1,1333161874,100.00,-1,-1,1333161878,100.00,-1,-1,1333161878,100.00,-1,-1,1333161880,100.00,-1,-1,1333161880,100.00,-1,-1,1333161880,100.00,-1,-1,1333161880,100.00,-1,-1,1333161882,100.00,-1,-1,1333161882,100.00,-1,-1,1333161884,100.00,-1,-1,1333161884,100.00,-1,-1,1333161886,100.00,-1,-1,1333161886,100.00,-1,-1,1099977334,0.00,0.00,0.00,1517591,92.63,92.63,60,702669,10.75,10.75,
2026-04-01,22:26:21.444,2.20,2.07,100.00,0.00,0.00,1333325528,100.00,-1,-1,1333325528,100.00,-1,-1,1333325526,100.00,-1,-1,1333325526,100.00,-1,-1,1333325526,100.00,-1,-1,1333325526,100.00,-1,-1,1333325522,100.00,-1,-1,1333325522,100.00,-1,-1,1333325520,100.00,-1,-1,1333325520,100.00,-1,-1,1333325444,100.00,-1,-1,1333325444,100.00,-1,-1,1333325440,100.00,-1,-1,1333325440,100.00,-1,-1,1333325440,100.00,-1,-1,1333325440,100.00,-1,-1,1100119780,0.00,0.00,0.00,1512811,92.33,92.33,60,700511,10.72,10.72,
2026-04-01,22:26:22.442,2.20,2.10,100.00,0.00,0.00,1333026330,100.00,-1,-1,1333026330,100.00,-1,-1,1333026320,100.00,-1,-1,1333026320,100.00,-1,-1,1333026266,100.00,-1,-1,1333026266,100.00,-1,-1,1333026262,100.00,-1,-1,1333026262,100.00,-1,-1,1333026262,100.00,-1,-1,1333026262,100.00,-1,-1,1333026240,100.00,-1,-1,1333026240,100.00,-1,-1,1333026240,100.00,-1,-1,1333026240,100.00,-1,-1,1333026236,100.00,-1,-1,1333026236,100.00,-1,-1,1099872765,0.00,0.00,0.00,1517123,92.60,92.60,60,702579,10.75,10.75,
2026-04-01,22:26:23.442,2.20,2.12,100.00,0.00,0.00,1333274650,100.00,-1,-1,1333274650,100.00,-1,-1,1333274650,100.00,-1,-1,1333274650,100.00,-1,-1,1333274648,100.00,-1,-1,1333274648,100.00,-1,-1,1333274646,100.00,-1,-1,1333274646,100.00,-1,-1,1333274648,100.00,-1,-1,1333274648,100.00,-1,-1,1333274596,100.00,-1,-1,1333274596,100.00,-1,-1,1333274596,100.00,-1,-1,1333274596,100.00,-1,-1,1333274596,100.00,-1,-1,1333274596,100.00,-1,-1,1100071648,0.00,0.00,0.00,1519141,92.72,92.72,61,701051,10.73,10.73,
2026-04-01,22:26:24.444,2.20,2.11,100.00,0.00,0.00,1333248544,100.00,-1,-1,1333248544,100.00,-1,-1,1333248546,100.00,-1,-1,1333248546,100.00,-1,-1,1333248550,100.00,-1,-1,1333248550,100.00,-1,-1,1333248552,100.00,-1,-1,1333248552,100.00,-1,-1,1333248618,100.00,-1,-1,1333248618,100.00,-1,-1,1333248624,100.00,-1,-1,1333248624,100.00,-1,-1,1333248620,100.00,-1,-1,1333248620,100.00,-1,-1,1333248622,100.00,-1,-1,1333248622,100.00,-1,-1,1100056279,0.00,0.00,0.00,1514464,92.44,92.44,60,701859,10.74,10.74,
2026-04-01,22:26:25.442,2.20,2.13,100.00,0.00,0.00,1332961990,100.00,-1,-1,1332961990,100.00,-1,-1,1332962004,100.00,-1,-1,1332962004,100.00,-1,-1,1332961990,100.00,-1,-1,1332961990,100.00,-1,-1,1332961994,100.00,-1,-1,1332961994,100.00,-1,-1,1332962036,100.00,-1,-1,1332962036,100.00,-1,-1,1332962038,100.00,-1,-1,1332962038,100.00,-1,-1,1332961980,100.00,-1,-1,1332961980,100.00,-1,-1,1332961978,100.00,-1,-1,1332961978,100.00,-1,-1,1099817939,0.00,0.00,0.00,1513101,92.35,92.35,61,699953,10.71,10.71,
2026-04-01,22:26:26.443,2.20,2.12,100.00,0.00,0.00,1333652640,100.00,-1,-1,1333652640,100.00,-1,-1,1333652640,100.00,-1,-1,1333652640,100.00,-1,-1,1333652640,100.00,-1,-1,1333652640,100.00,-1,-1,1333652644,100.00,-1,-1,1333652644,100.00,-1,-1,1333652640,100.00,-1,-1,1333652640,100.00,-1,-1,1333652642,100.00,-1,-1,1333652642,100.00,-1,-1,1333652644,100.00,-1,-1,1333652644,100.00,-1,-1,1333652678,100.00,-1,-1,1333652678,100.00,-1,-1,1100399212,0.00,0.00,0.00,1515915,92.52,92.52,60,699555,10.70,10.70,
2026-04-01,22:26:27.442,2.20,2.13,100.00,0.00,0.00,1332679430,100.00,-1,-1,1332679430,100.00,-1,-1,1332679430,100.00,-1,-1,1332679430,100.00,-1,-1,1332679434,100.00,-1,-1,1332679434,100.00,-1,-1,1332679432,100.00,-1,-1,1332679432,100.00,-1,-1,1332679428,100.00,-1,-1,1332679428,100.00,-1,-1,1332679428,100.00,-1,-1,1332679428,100.00,-1,-1,1332679390,100.00,-1,-1,1332679390,100.00,-1,-1,1332679350,100.00,-1,-1,1332679350,100.00,-1,-1,1099575700,0.00,0.00,0.00,1514379,92.43,92.43,60,699527,10.70,10.70,
